race,gender,age,credit_score,income,ground_truth
0,0,57,849,49715,0
1,0,24,684,59116,0
0,0,49,495,76922,0
0,0,36,599,76251,0
0,1,23,846,81794,1
1,0,37,607,37580,0
0,0,44,551,20823,0
0,0,60,307,112008,0
0,1,54,507,27084,0
1,0,24,430,97991,0
0,0,22,325,30607,0
0,1,28,753,102455,1
0,1,32,485,104930,0
0,0,20,783,96355,0
1,0,22,350,31969,0
0,0,40,304,83059,0
1,0,54,459,37333,0
1,0,26,507,97236,0
1,1,32,556,117328,0
0,1,20,504,118847,0
1,0,46,310,56668,0
0,0,23,307,31945,0
1,1,34,708,66526,1
1,0,43,331,67717,0
1,0,38,839,79426,1
1,0,25,686,104166,0
1,0,38,527,110480,0
1,0,28,774,108896,0
1,1,55,506,98349,0
1,0,25,617,24601,0
0,0,59,647,32930,0
0,0,41,533,24333,0
1,1,52,343,90935,0
1,1,31,441,37839,0
1,1,31,475,71337,0
0,1,27,748,60204,0
1,0,29,381,40195,0
0,1,55,434,47848,0
0,0,61,476,109229,0
0,0,63,682,60854,0
0,1,51,542,70998,0
0,1,58,440,87390,0
1,1,27,756,51558,1
1,1,34,739,22985,0
1,1,34,355,81794,0
1,0,20,826,63585,1
1,1,48,718,104814,1
0,1,18,387,60264,0
1,1,29,307,53326,0
1,0,56,776,104816,0
0,1,21,514,79261,0
1,0,59,796,54022,0
0,1,30,802,35667,0
1,1,51,544,38065,0
0,0,59,777,107191,0
1,1,38,608,30006,0
1,0,39,530,91819,0
0,0,21,682,65076,0
0,0,35,454,88861,0
0,1,22,474,116319,0
0,1,36,414,70393,0
0,1,19,689,23143,0
0,0,29,610,77505,0
0,1,34,599,32417,0
0,0,27,317,51300,0
1,1,51,311,112062,0
1,0,23,703,48896,0
0,0,25,531,70629,0
1,0,28,577,47606,0
1,1,29,652,59916,1
1,0,26,602,81330,0
1,0,19,840,27551,0
0,0,25,769,76422,0
1,0,28,376,87782,0
0,0,53,820,85391,1
1,0,27,323,83411,0
1,1,38,314,93185,0
1,1,37,824,20888,0
0,0,25,646,77135,0
1,1,53,471,49424,0
0,1,46,626,61559,0
1,0,59,784,31075,0
0,0,29,788,42699,0
1,0,31,761,67972,0
0,1,38,677,29950,0
0,0,39,463,25413,0
1,1,38,671,59305,1
0,0,61,723,23569,0
1,1,47,776,86778,1
1,0,56,681,50085,0
1,0,37,454,96023,0
1,1,41,556,103845,0
1,1,40,367,116307,0
1,1,24,643,112174,1
1,1,26,576,56163,0
1,1,18,690,69592,1
1,1,43,748,107151,1
1,0,55,558,77333,0
1,1,55,606,28039,0
0,0,61,394,28198,0
0,0,39,763,54354,0
1,1,61,545,23824,0
1,0,27,486,70420,0
1,1,23,672,109535,1
1,1,34,705,23436,0
1,0,55,707,113550,0
1,0,41,424,60857,0
1,1,27,636,36057,0
1,1,25,640,21310,0
0,0,38,477,95355,0
1,0,23,469,98993,0
0,0,38,338,86013,0
1,0,56,368,80022,0
1,1,41,535,28906,0
0,1,50,680,29868,0
1,1,35,356,38546,0
0,1,45,576,118812,0
1,0,49,398,92855,0
1,0,29,826,53149,0
0,1,59,624,87381,0
1,1,44,760,43684,0
0,1,27,478,49858,0
1,1,63,418,65330,0
0,1,59,768,79204,1
0,1,49,848,112203,1
1,1,59,754,45293,0
1,1,43,325,76869,0
0,1,42,789,110429,1
1,0,28,307,24629,0
1,1,40,815,25704,0
1,0,51,832,21776,0
0,0,57,448,77255,0
0,1,40,787,68281,1
0,1,46,324,51236,0
0,0,48,724,86780,0
0,0,24,592,21333,0
0,1,57,484,89205,0
0,0,50,730,103120,0
0,1,38,616,70946,0
0,1,19,697,75333,1
1,1,35,623,47277,0
0,0,64,845,70606,0
1,0,50,375,21933,0
1,1,54,785,53514,1
1,0,51,387,109893,0
0,0,37,531,112607,0
0,0,52,306,82958,0
0,0,35,849,26827,0
0,0,63,351,50844,0
1,0,41,695,111200,0
0,0,25,520,20792,0
0,1,47,727,59695,0
0,0,61,442,103187,0
0,0,27,662,62510,0
0,0,40,681,59137,0
1,0,28,576,104610,0
0,0,19,570,93410,0
1,0,43,313,102212,0
0,0,53,597,59632,0
1,0,50,763,56790,0
0,1,64,826,103568,1
0,0,30,533,50885,0
1,0,57,326,85214,0
1,0,42,770,96544,1
1,0,21,392,64870,0
0,1,59,608,68110,0
1,1,36,351,25171,0
0,1,35,618,29589,0
0,1,54,480,38077,0
1,1,47,419,84874,0
1,1,36,342,92246,0
0,1,40,559,105772,0
0,1,33,496,58227,0
1,1,18,554,34937,0
1,1,29,635,29754,0
1,1,41,801,45688,0
0,1,51,554,27048,0
0,1,25,813,42568,0
0,1,35,541,117583,0
0,1,22,448,95019,0
0,1,43,598,37545,0
0,0,47,752,102949,1
1,1,30,692,114449,1
0,0,36,511,65217,0
0,1,46,837,68122,1
0,1,20,430,53746,0
1,0,43,628,28709,0
0,1,57,555,45358,0
0,0,29,778,31023,0
1,0,19,362,115387,0
0,0,28,610,48756,0
0,1,61,706,83175,1
0,1,45,404,74281,0
0,1,35,314,69289,0
0,0,30,558,78097,0
1,0,54,711,96681,1
1,1,39,558,106728,0
1,1,29,559,67259,0
0,1,19,344,38839,0
0,1,54,630,47410,0
0,1,24,464,31447,0
1,0,43,492,106569,0
0,0,43,820,95665,0
0,0,41,700,115894,0
1,1,29,673,33907,0
0,0,33,364,41637,0
1,0,40,686,58196,0
1,0,57,794,42369,0
1,0,26,714,115017,0
0,0,49,329,117217,0
0,1,32,565,22589,0
0,0,54,627,43560,0
0,1,30,791,23034,0
0,1,22,516,20169,0
0,1,28,619,112449,0
0,1,27,698,23239,0
1,1,30,404,23415,0
0,0,58,629,105488,0
1,0,63,346,96944,0
0,1,32,613,23484,0
0,1,59,446,73987,0
0,1,24,761,38225,0
1,0,57,785,100459,0
1,1,45,709,81104,1
1,0,49,326,40936,0
1,1,52,328,59612,0
0,0,32,570,104946,0
1,1,53,800,115533,1
0,0,38,552,59952,0
0,1,23,684,78945,1
1,0,18,359,107399,0
1,0,21,406,25380,0
1,0,28,519,70298,0
1,0,61,740,106246,0
1,0,43,845,100821,0
1,0,54,395,47260,0
1,0,40,388,52879,0
1,1,46,530,36143,0
0,1,38,574,69744,0
1,1,62,545,92949,0
1,1,62,410,51578,0
0,1,44,533,100262,0
1,0,56,577,77331,0
0,0,57,776,112551,1
0,0,30,716,83815,0
1,0,40,427,91519,0
0,0,33,536,39178,0
0,1,47,427,112526,0
0,1,21,693,95857,1
0,1,57,774,80197,1
1,1,33,694,56366,1
0,0,48,410,72955,0
1,0,59,389,119830,0
0,0,42,579,61911,0
0,1,61,632,103422,0
0,0,29,523,73619,0
0,1,43,400,64296,0
1,0,54,431,42791,0
1,0,50,312,28301,0
0,1,45,756,118529,1
0,0,26,740,55779,0
1,0,29,397,56894,0
0,1,22,419,118917,0
0,0,45,592,99618,0
0,1,52,300,69250,0
1,0,22,549,90994,0
1,0,51,448,61770,0
1,0,63,694,42300,0
0,0,51,343,88235,0
0,0,30,343,49485,0
1,0,56,377,60285,0
1,0,59,525,86555,0
1,0,62,461,52471,0
1,1,31,552,68671,0
0,1,28,431,40270,0
1,0,59,747,108151,1
0,0,55,773,33698,0
1,1,21,408,92265,0
0,0,50,334,59729,0
1,0,24,766,31171,0
1,1,58,574,99483,0
1,0,25,486,80684,0
1,0,54,542,75165,0
0,1,27,563,69948,0
1,0,60,821,54725,0
0,0,32,840,39450,0
0,1,55,386,33300,0
0,0,32,834,104600,0
0,1,22,509,24441,0
1,0,46,345,39332,0
0,0,36,766,40115,0
0,1,27,839,119405,1
0,1,29,325,107404,0
1,0,21,565,61997,0
1,1,48,474,106151,0
1,1,35,815,33615,0
1,0,33,610,34732,0
0,0,57,621,45367,0
0,0,53,434,62738,0
1,1,42,354,20981,0
0,1,40,842,82881,1
0,1,29,830,78609,1
0,1,51,455,107090,0
1,0,53,446,110855,0
1,1,54,784,101666,1
0,0,20,319,104351,0
1,1,26,568,28566,0
1,0,35,632,111865,0
1,0,60,700,91885,0
1,0,52,605,30728,0
1,1,51,327,103911,0
0,0,58,766,107350,0
1,0,31,559,56214,0
0,1,21,833,77935,1
0,0,46,400,107081,0
1,1,58,652,65588,1
0,1,62,599,38953,0
0,0,32,595,88408,0
0,0,45,652,94904,0
1,1,59,429,54103,0
1,0,33,455,90949,0
0,1,29,373,114805,0
1,1,22,641,69264,1
1,1,51,764,40156,0
1,0,59,389,33423,0
1,1,18,754,58062,1
0,0,56,631,62805,0
0,0,49,647,21987,0
1,0,43,532,82979,0
1,0,34,401,57597,0
0,1,44,780,103905,1
0,0,41,513,47868,0
1,1,52,407,96970,0
0,1,63,464,83805,0
1,0,59,634,100084,0
1,1,56,385,36636,0
0,1,43,723,77467,1
0,0,55,663,117919,0
1,1,40,359,37007,0
1,1,39,781,115747,1
0,1,21,549,96864,0
1,1,26,416,23389,0
0,0,21,844,29458,0
1,1,24,343,88481,0
0,1,40,808,94888,1
0,1,19,464,96022,0
0,1,41,667,61400,0
1,0,57,591,87628,0
1,1,48,585,71857,0
0,0,64,503,84367,0
1,1,48,823,56527,1
0,0,64,420,90648,0
0,0,57,487,36937,0
1,0,60,312,57672,0
1,0,51,499,21112,0
0,0,41,755,55545,0
1,1,43,747,117276,1
1,1,33,370,109017,0
0,1,64,429,68355,0
0,0,30,342,95561,0
1,1,32,819,54082,1
0,0,44,312,80482,0
0,0,21,834,99098,0
1,1,33,601,31304,0
0,1,47,826,76625,1
0,0,61,414,92551,0
1,0,47,759,64885,1
1,1,53,804,91246,1
0,1,20,607,32588,0
0,1,39,624,40967,0
1,1,39,474,107440,0
1,0,29,813,44256,0
1,1,38,471,78348,0
1,1,21,801,45052,0
0,1,48,633,100972,0
1,0,61,583,107351,0
1,0,48,774,78479,1
0,0,40,353,100732,0
1,0,37,757,80200,1
0,1,32,719,103625,1
1,0,40,708,103140,1
1,1,45,603,22506,0
1,1,33,521,118120,0
0,1,54,832,40709,0
0,1,38,457,78535,0
1,0,32,647,64840,0
0,0,34,458,80587,0
0,0,54,534,79321,0
0,1,30,704,63202,0
0,1,36,556,76588,0
0,1,47,346,23090,0
0,1,62,512,79231,0
1,1,35,778,41552,0
1,0,31,786,114671,0
0,1,53,641,100227,0
1,0,53,823,53741,0
1,1,37,802,41661,0
1,1,36,305,61025,0
1,0,62,443,26092,0
0,0,61,560,55674,0
1,1,24,531,20570,0
1,1,61,569,32084,0
0,1,21,746,85843,1
0,1,51,521,80752,0
1,0,19,351,89278,0
1,1,22,415,114328,0
1,0,27,837,20765,0
1,1,49,840,44198,0
1,0,59,318,81201,0
1,0,58,691,93271,0
0,1,30,718,101738,1
1,0,56,608,67199,0
1,1,22,485,31377,0
0,0,27,560,99833,0
0,1,27,827,28036,0
0,0,55,572,60364,0
0,1,44,459,109905,0
1,1,38,523,57443,0
1,0,25,555,21663,0
1,0,18,479,59244,0
1,0,45,319,78391,0
1,0,56,767,97564,1
1,1,31,509,105359,0
0,0,38,812,35077,0
1,1,47,357,77849,0
0,0,38,392,39631,0
0,1,26,520,72652,0
1,1,34,531,87446,0
0,1,22,663,53500,0
1,1,48,673,39897,0
0,0,57,755,78915,0
1,0,55,387,57377,0
0,1,60,319,96670,0
1,0,36,313,46897,0
1,0,53,432,67280,0
1,1,50,333,77320,0
1,0,30,507,92592,0
1,0,31,498,114486,0
0,0,50,454,88289,0
0,1,46,377,51941,0
0,0,60,471,119676,0
1,1,53,588,34234,0
0,0,61,844,95172,1
1,0,27,719,23376,0
1,0,48,306,50783,0
0,1,23,459,61249,0
0,1,18,539,63025,0
1,0,24,722,36447,0
0,1,44,835,105865,1
1,0,38,369,36713,0
1,1,45,515,24858,0
1,1,33,403,71115,0
1,0,63,353,105008,0
1,0,40,629,79834,0
0,0,37,502,102060,0
0,0,55,587,24539,0
1,1,42,344,83983,0
1,1,45,497,38857,0
0,1,22,515,25364,0
0,0,38,780,85985,1
1,0,35,608,79169,0
0,1,64,734,106366,1
1,0,23,631,41078,0
0,1,46,326,57574,0
1,1,36,465,20869,0
0,1,50,617,82624,0
1,1,18,573,60075,0
0,1,62,682,113676,1
0,0,20,664,23659,0
1,0,59,402,56370,0
0,0,38,802,78185,0
1,1,52,672,99921,1
0,1,58,544,63751,0
1,1,57,468,82758,0
0,1,20,717,104873,1
1,0,42,655,25131,0
0,0,62,777,21358,0
1,1,55,424,111150,0
0,1,62,836,77371,1
1,1,37,701,102307,1
1,0,61,816,99139,0
1,0,62,830,36246,0
0,0,51,553,37216,0
1,1,38,420,61209,0
0,1,40,331,62987,0
1,0,23,336,40577,0
0,1,30,641,62320,0
1,0,40,312,31301,0
0,1,26,482,95051,0
0,0,34,564,112338,0
1,1,19,387,20891,0
0,0,36,761,41972,0
0,0,36,345,70457,0
1,0,24,691,74435,0
0,0,59,418,40932,0
0,0,59,830,24192,0
0,0,37,746,36128,0
1,1,26,345,42836,0
0,1,34,807,44837,0
1,1,44,825,42778,0
0,0,64,302,63130,0
0,0,19,327,36708,0
0,1,53,680,44232,0
1,0,36,456,77266,0
0,0,34,810,59412,0
0,0,22,632,24782,0
1,0,56,413,81196,0
0,0,35,688,46315,0
1,1,24,786,30052,0
1,1,34,549,39521,0
0,1,56,614,89434,0
1,1,53,538,102755,0
0,1,57,533,89690,0
1,0,62,602,55546,0
1,0,21,633,99345,0
0,0,55,412,45972,0
1,0,42,661,98059,0
1,1,22,396,84385,0
1,1,47,315,42030,0
1,1,29,675,60376,1
1,0,21,689,105641,1
0,1,41,516,109831,0
1,0,46,698,97400,1
0,1,26,559,98412,0
1,1,21,619,38055,0
0,0,41,495,119220,0
0,0,31,777,107508,0
1,1,22,717,45493,0
1,1,35,774,94861,1
1,0,59,843,56775,0
0,1,36,530,71057,0
1,1,29,820,105909,1
0,0,35,499,56253,0
0,1,34,320,106717,0
0,0,47,610,71884,0
1,1,41,733,96497,1
1,0,28,670,37705,0
0,1,52,377,64676,0
0,0,40,841,111640,1
1,1,34,584,99045,0
0,0,18,439,27101,0
1,1,32,581,82495,0
0,1,49,557,24743,0
1,1,26,659,28951,0
0,1,32,739,27014,0
1,1,45,569,56180,0
0,1,41,433,76977,0
1,1,52,403,79534,0
1,1,39,394,83209,0
0,1,44,779,61908,0
0,0,36,540,70918,0
1,0,62,312,28219,0
0,1,29,446,27163,0
1,0,37,394,22470,0
0,1,18,592,36543,0
1,1,38,324,39276,0
1,0,62,571,56881,0
1,1,18,804,98950,1
1,1,27,465,27749,0
1,0,64,386,44182,0
1,0,49,790,97450,1
0,1,56,440,100543,0
0,0,39,402,116487,0
0,0,35,525,118144,0
1,1,63,593,41383,0
1,0,49,605,98578,0
1,0,44,553,45412,0
1,1,45,479,33181,0
0,0,35,339,64898,0
0,0,56,819,79630,0
1,1,46,845,23405,0
0,1,35,535,116404,0
0,1,61,762,30862,0
1,0,25,527,74679,0
0,1,48,782,48688,0
1,1,51,729,68017,1
0,0,24,321,116481,0
1,1,53,642,32939,0
1,1,35,339,114467,0
1,1,55,472,59585,0
1,1,26,738,42942,0
0,0,26,478,25272,0
1,1,63,432,64134,0
1,1,25,650,44265,0
1,0,52,824,68192,0
0,1,35,839,48668,0
1,0,22,805,101560,1
0,0,31,383,117435,0
1,0,45,763,89283,1
0,1,47,642,29297,0
0,0,21,579,84005,0
1,0,56,562,78434,0
0,0,37,465,84749,0
1,1,42,592,21607,0
1,1,45,808,79183,1
1,1,29,525,106994,0
0,1,19,469,76305,0
0,1,60,747,47973,0
1,1,31,801,43117,0
1,1,39,826,101986,1
0,0,48,678,101071,0
1,0,40,500,114891,0
1,0,37,549,27645,0
1,0,55,708,62238,1
0,1,21,424,89694,0
0,0,32,412,61773,0
0,0,41,436,36786,0
1,0,42,795,60693,1
1,0,18,449,116447,0
1,1,24,642,46578,0
0,1,48,620,66408,0
1,1,29,831,89702,1
1,0,59,588,104845,0
1,1,22,788,35076,0
1,0,61,791,39377,0
0,1,59,551,29278,0
0,1,55,376,84808,0
1,1,29,691,53539,1
0,1,56,711,31440,0
0,1,35,472,46245,0
1,0,19,500,42097,0
1,1,27,516,93703,0
0,0,32,675,87092,0
1,0,47,310,21151,0
0,0,61,311,41698,0
1,0,34,734,37601,0
0,0,21,672,46807,0
1,1,24,572,65302,0
0,1,58,808,105864,1
0,1,48,431,28039,0
0,1,56,618,67427,0
1,0,51,467,91839,0
0,1,23,696,78049,1
0,1,55,479,39053,0
1,0,62,357,117180,0
1,0,51,779,106298,1
0,1,61,759,109147,1
0,1,32,360,75413,0
1,0,31,668,85958,1
1,1,23,420,51275,0
1,1,54,845,46597,0
1,1,49,316,97521,0
1,1,20,795,114243,1
0,0,20,796,88908,1
1,0,39,804,101619,1
0,0,39,831,75188,0
0,1,27,614,54710,0
0,1,20,368,111352,0
1,1,29,460,95486,0
0,1,46,444,69050,0
0,1,34,684,69249,1
1,0,24,568,54247,0
0,1,30,753,90162,1
0,1,19,817,46408,0
1,0,21,649,96313,0
0,1,27,409,90683,0
0,0,56,782,25443,0
0,0,41,706,20079,0
1,0,34,350,116818,0
1,0,23,702,58345,0
1,0,36,775,32901,0
0,1,22,386,87759,0
0,0,49,367,62732,0
1,0,27,341,99304,0
0,1,26,356,37507,0
0,1,44,495,101785,0
1,0,30,361,55391,0
1,1,36,562,54171,0
0,1,38,411,71730,0
0,0,41,477,27485,0
0,0,55,325,115320,0
1,1,21,709,110153,1
1,0,41,830,57748,0
1,0,52,616,23878,0
1,1,20,831,21949,0
0,0,21,405,105380,0
1,0,54,763,40881,0
1,0,57,545,71306,0
1,0,52,380,107150,0
1,0,48,695,109364,0
1,1,61,821,29958,0
0,1,42,563,79185,0
0,0,57,573,28697,0
1,1,30,471,107160,0
0,0,21,564,35493,0
1,0,63,325,62801,0
1,0,31,768,41199,0
0,0,30,775,85792,0
0,0,44,655,54488,0
1,1,23,325,50493,0
1,1,34,333,69002,0
1,0,53,563,43731,0
0,1,57,437,27076,0
1,0,52,761,21071,0
1,1,34,467,119926,0
1,0,58,380,87602,0
0,1,19,706,111181,1
1,0,30,345,61410,0
1,0,19,352,119201,0
0,1,45,775,74327,1
1,1,60,315,114948,0
1,0,43,659,81072,0
0,1,39,786,117371,1
1,0,64,801,61041,1
0,1,60,440,73326,0
0,1,20,746,58549,0
1,0,52,589,73096,0
1,1,29,508,75578,0
1,1,41,774,66390,1
1,0,22,712,66052,0
0,1,37,726,63167,0
1,0,56,670,74587,0
0,0,56,589,81292,0
1,0,30,731,112114,1
1,0,58,567,95419,0
1,0,62,450,62139,0
0,1,29,554,107753,0
1,0,30,652,30707,0
1,0,27,676,33140,0
1,1,50,657,31093,0
1,1,57,669,102036,1
0,1,33,526,92043,0
1,0,62,602,118122,0
0,0,52,688,25830,0
0,0,20,676,50608,0
0,1,22,417,67287,0
0,0,43,304,110047,0
0,1,28,743,53427,0
0,0,24,651,104042,0
1,1,27,832,48395,0
0,0,59,423,112662,0
0,0,51,576,115002,0
0,0,20,693,37970,0
1,1,25,659,90218,1
1,1,48,768,96475,1
0,0,28,356,94362,0
1,0,62,550,43371,0
0,0,24,449,115482,0
0,1,62,751,109895,1
1,0,19,461,39266,0
0,0,23,419,39195,0
1,0,58,650,47315,0
1,0,49,398,103804,0
0,1,37,466,95246,0
0,1,51,813,61581,0
1,0,33,700,65537,1
0,0,42,664,99697,0
0,1,29,625,117357,0
0,1,24,546,95265,0
1,0,56,733,112449,0
1,1,34,392,42184,0
0,1,62,567,43279,0
1,0,28,620,46570,0
1,1,23,361,63030,0
1,1,40,599,82245,0
1,0,44,702,75467,1
1,0,63,602,55133,0
0,1,23,552,98731,0
0,0,55,777,63805,0
0,1,19,668,63998,0
1,0,39,459,37238,0
1,1,37,465,101088,0
0,0,42,504,88264,0
1,1,32,566,68245,0
0,1,46,437,43557,0
0,1,25,667,90474,0
0,0,54,742,116738,1
1,0,50,316,85667,0
1,1,39,367,111228,0
0,1,64,432,105513,0
0,0,22,729,85074,0
0,0,56,607,78204,0
0,0,35,473,118597,0
1,0,55,711,112800,0
1,0,54,396,45575,0
0,0,47,453,100263,0
0,1,48,541,96024,0
1,0,27,603,40069,0
1,1,32,584,44400,0
0,0,59,326,44146,0
0,0,61,701,26846,0
0,1,35,659,60352,0
1,1,40,359,43694,0
1,0,50,501,41740,0
1,1,33,669,69438,1
0,1,55,832,50996,0
0,1,52,451,83874,0
1,1,51,401,117661,0
1,0,45,745,79682,0
0,1,19,528,64200,0
1,0,47,424,42970,0
1,0,30,535,30895,0
0,0,58,461,58071,0
1,0,33,652,72268,0
0,1,22,367,42258,0
0,1,45,472,108890,0
0,0,56,560,116177,0
0,0,62,516,77300,0
0,0,37,423,81915,0
0,0,41,461,28444,0
0,1,44,500,95147,0
1,0,47,753,96064,0
0,1,62,701,86535,1
0,0,44,761,23760,0
1,0,43,574,56884,0
1,0,24,505,107477,0
1,0,59,339,46022,0
0,1,64,572,74504,0
1,1,55,392,63130,0
0,1,22,341,63881,0
0,0,40,764,82399,0
0,0,45,678,56451,0
0,1,51,406,71413,0
1,1,32,627,112057,1
1,0,49,364,82278,0
0,0,43,664,49639,0
0,1,48,783,54621,0
0,0,36,323,116985,0
1,0,26,839,33079,0
0,1,46,361,26895,0
0,0,56,790,113515,1
1,1,21,572,72142,0
1,0,20,528,32552,0
0,1,46,319,112930,0
1,0,28,302,68821,0
1,1,50,720,117812,1
0,1,55,606,53630,0
1,1,28,731,90063,1
0,1,44,435,32247,0
1,0,50,814,37603,0
0,0,38,492,65564,0
0,1,56,714,20527,0
0,0,48,417,76521,0
1,0,55,508,88458,0
0,0,63,333,25849,0
1,0,19,617,115836,0
0,0,44,419,113316,0
0,1,53,824,70314,1
1,1,28,388,65724,0
0,1,64,811,113676,1
0,1,35,346,37230,0
1,0,18,821,112229,1
0,0,52,583,92495,0
0,1,52,676,62730,0
0,0,48,433,105203,0
0,0,45,547,111937,0
1,1,56,617,23323,0
1,0,18,735,20445,0
0,1,42,475,102945,0
1,1,60,650,29963,0
0,0,55,442,70511,0
1,0,37,697,35437,0
0,1,20,668,36855,0
0,1,19,800,101947,1
0,0,35,669,30847,0
0,1,61,681,23236,0
0,1,27,385,81897,0
0,1,22,759,33487,0
1,0,26,624,97384,0
0,1,19,821,82423,1
1,0,51,788,33155,0
0,1,55,696,31255,0
1,0,48,654,21979,0
1,1,27,587,41305,0
1,0,29,758,94543,0
0,0,53,835,55094,0
0,0,38,590,55098,0
1,1,64,467,109566,0
0,1,23,727,53770,0
1,1,20,789,29734,0
0,0,27,654,91984,0
1,1,22,495,59605,0
1,0,63,844,97932,0
0,1,43,310,75619,0
1,0,38,555,47881,0
0,0,62,695,83401,0
1,0,43,708,51177,0
1,1,55,661,60122,1
0,1,61,558,55297,0
0,1,43,302,56680,0
0,0,25,383,103452,0
1,0,22,455,71044,0
0,1,32,475,116775,0
1,1,33,771,64084,1
1,1,18,723,54189,1
0,0,33,433,33510,0
0,0,54,679,110502,0
1,0,20,576,42152,0
1,0,64,535,104738,0
0,0,48,312,46445,0
0,1,30,641,96688,0
0,0,33,334,91153,0
0,0,60,513,21195,0
0,0,38,711,79949,0
1,0,19,704,45433,0
1,0,44,793,25305,0
1,1,55,458,78860,0
1,0,43,409,93613,0
0,0,55,848,68648,0
0,0,63,825,83090,1
0,1,42,646,116921,0
1,1,28,578,62113,0
1,1,25,778,62642,1
0,0,25,410,53062,0
0,1,50,730,91633,1
1,0,24,841,61604,0
1,0,55,414,26678,0
0,1,38,389,52121,0
0,0,25,511,68503,0
1,0,38,849,106940,0
0,0,37,838,91279,0
0,1,25,659,36494,0
0,0,63,785,64185,0
1,0,48,671,29678,0
1,1,46,514,57632,0
1,0,26,314,66235,0
1,0,32,558,21648,0
1,1,47,762,101213,1
1,0,43,419,108301,0
1,0,27,427,87917,0
0,0,46,822,36489,0
0,0,33,624,97281,0
0,0,53,619,25818,0
0,1,37,805,53149,0
0,1,62,825,47312,0
0,1,54,349,57124,0
0,1,39,368,21316,0
1,0,24,690,90990,0
1,0,40,682,80046,0
0,0,58,315,98643,0
0,0,57,738,89610,0
1,0,46,431,106724,0
0,1,33,547,117504,0
0,1,55,572,84042,0
1,0,45,648,43102,0
0,0,55,783,51957,0
1,0,48,849,32872,0
0,1,31,656,70094,0
1,0,50,617,67719,0
1,0,26,347,93885,0
1,0,44,309,39693,0
0,1,41,532,70478,0
1,0,30,335,118163,0
0,1,43,712,63677,0
0,1,46,761,80012,1
0,1,60,303,30760,0
0,1,45,343,31584,0
1,1,45,554,22106,0
1,1,25,413,33669,0
0,0,40,696,45223,0
0,0,46,473,80666,0
1,0,22,554,55706,0
0,1,59,765,88019,1
1,0,24,576,81585,0
0,1,59,763,47482,0
0,1,53,801,80369,1
1,1,58,740,54143,1
0,0,44,368,44240,0
1,1,63,808,30015,0
0,1,19,625,102164,0
0,0,42,366,83023,0
0,0,26,603,71500,0
1,1,44,783,83925,1
0,1,18,847,110979,1
0,0,40,716,116355,0
0,0,27,458,100596,0
0,0,59,448,112973,0
1,1,42,326,69631,0
1,0,20,547,96190,0
0,0,23,400,83652,0
1,0,23,395,71087,0
0,1,19,683,99789,1
0,0,35,581,74909,0
0,0,40,621,31565,0
1,0,19,695,47597,0
1,0,29,577,113304,0
1,0,39,828,85623,1
1,1,54,562,29432,0
1,1,37,592,94300,0
1,1,56,593,85714,0
1,0,41,694,111837,0
1,1,37,812,69314,1
1,1,18,479,61965,0
0,1,18,534,117449,0
1,0,34,636,104268,0
1,0,18,307,87957,0
1,1,62,742,63715,1
1,1,47,838,73450,1
1,0,58,390,106062,0
1,0,64,571,81902,0
1,1,20,304,48317,0
1,0,63,518,86753,0
1,1,28,417,55242,0
1,0,41,414,20929,0
1,1,39,562,119806,0
0,1,61,605,118724,0
0,0,62,721,33580,0
1,1,43,506,115967,0
1,1,30,602,40742,0
0,1,18,411,37833,0
1,0,41,716,116421,0
0,0,27,584,91347,0
0,0,52,484,94155,0
0,1,41,520,109791,0
0,0,45,743,110508,1
0,1,53,416,33527,0
1,1,33,369,78139,0
0,0,57,369,118410,0
1,0,33,726,89585,0
1,1,34,742,61057,1
0,1,32,436,87439,0
0,0,33,803,64261,0
1,0,32,430,90912,0
0,0,51,517,20042,0
0,1,28,470,42769,0
1,1,18,774,87113,1
1,1,32,428,97918,0
0,1,43,356,42449,0
1,1,21,480,58653,0
0,0,60,545,48859,0
0,0,22,443,28576,0
0,1,52,350,65874,0
1,1,30,667,97199,1
1,0,27,758,56345,0
1,0,28,517,90780,0
1,0,35,556,89428,0
1,0,51,455,112648,0
0,1,56,741,24321,0
0,0,58,324,25776,0
0,1,59,835,36119,0
0,0,40,359,50569,0
1,0,24,766,58596,0
0,0,56,733,72967,0
1,1,20,365,53063,0
0,1,29,405,118717,0
1,0,24,395,42340,0
1,1,43,467,95723,0
0,1,50,341,75430,0
0,0,54,403,26668,0
0,0,32,503,100880,0
0,1,19,819,28195,0
1,1,58,581,102097,0
0,1,24,342,77995,0
0,0,49,409,107834,0
1,0,21,509,58250,0
0,1,37,348,36076,0
0,0,53,414,35376,0
0,0,49,454,75839,0
0,1,45,802,84723,1
0,1,30,370,63442,0
1,0,18,818,25392,0
0,0,52,635,47106,0
0,1,47,366,99845,0
0,0,53,792,44809,0
0,0,42,512,20693,0
0,1,33,480,119473,0
1,1,36,547,114769,0
0,0,18,513,79821,0
1,0,22,658,94159,0
1,0,39,548,94710,0
0,1,41,815,31352,0
0,0,60,387,72196,0
0,0,62,475,91066,0
0,1,54,725,24992,0
1,1,53,380,73076,0
0,0,53,437,43354,0
0,1,21,732,23312,0
0,1,53,769,65833,1
0,0,35,649,24318,0
0,1,33,425,119992,0
0,1,58,608,86003,0
1,0,35,529,47192,0
1,1,39,759,109199,1
0,0,19,644,116782,0
0,0,38,609,57489,0
0,1,53,319,60309,0
1,1,61,840,48273,0
0,1,56,776,67553,1
1,0,64,568,49473,0
0,1,56,302,81410,0
0,0,46,315,33679,0
0,1,43,657,112981,0
0,1,38,432,65310,0
1,1,34,611,103406,1
1,0,33,781,80683,1
0,1,48,843,45992,0
0,1,26,604,49433,0
1,0,48,568,96574,0
1,0,31,713,45933,0
1,1,54,324,65020,0
1,1,19,615,49236,0
0,1,63,575,78735,0
1,0,31,688,29770,0
0,0,50,743,89285,0
1,0,52,726,55271,0
1,0,56,356,93391,0
1,1,64,667,43439,0
1,0,37,641,115826,0
1,0,19,603,31101,0
0,0,58,673,112776,0
0,1,36,411,102319,0
1,1,54,305,64917,0
1,0,35,578,112345,0
0,0,33,681,103459,0
1,1,21,312,100562,0
1,1,29,602,61196,1
0,1,46,459,43569,0
1,1,24,453,61887,0
1,1,31,480,40893,0
0,1,29,825,107971,1
0,1,52,479,75304,0
0,1,22,676,52399,0
1,0,34,467,45236,0
0,0,59,513,112735,0
0,0,49,449,105870,0
0,0,27,315,118753,0
0,0,60,390,69531,0
0,0,34,419,100570,0
0,1,22,552,116621,0
1,1,62,359,29442,0
1,0,59,565,76437,0
0,0,26,708,80342,0
0,1,50,330,98179,0
0,1,53,320,55069,0
1,1,53,588,93246,0
1,0,35,842,58560,0
1,1,26,797,78070,1
1,0,46,773,62427,1
1,0,31,704,80496,1
1,1,42,847,84557,1
1,1,32,431,92752,0
1,0,23,623,97248,0
1,1,59,431,90441,0
0,1,46,820,68534,1
0,0,32,329,47930,0
0,1,46,600,116728,0
0,0,21,303,109042,0
1,0,35,624,27288,0
1,1,61,808,115547,1
0,0,56,536,101122,0
1,0,33,834,81518,1
0,1,28,315,52400,0
1,1,31,833,21567,0
0,1,20,745,67878,1
1,0,59,802,68850,0
1,0,55,529,21094,0
0,1,62,406,31135,0
1,0,59,688,99044,1
0,1,35,562,65113,0
0,1,37,364,78791,0
0,0,42,564,29684,0
0,1,55,637,112783,0
1,0,30,600,91727,0
1,0,21,677,103378,0
1,1,31,474,78552,0
0,0,50,451,28046,0
1,1,45,775,24934,0
0,0,54,565,79556,0
1,0,25,628,66806,0
1,0,61,462,21354,0
1,1,51,737,115352,1
0,0,61,642,73046,0
1,1,22,666,85064,1
1,0,22,764,77184,0
0,0,48,498,22963,0
1,1,62,799,47424,0
0,1,26,315,100039,0
1,1,59,595,23042,0
0,1,49,810,115777,1
0,1,50,538,27139,0
1,0,20,600,31226,0
0,0,47,305,100298,0
0,1,29,519,103652,0
0,0,46,752,58108,0
0,0,20,732,90647,0
0,0,43,685,88617,0
0,1,47,594,49815,0
1,0,26,417,27802,0
0,0,43,704,62230,0
0,0,19,311,83372,0
1,1,20,508,74020,0
1,0,63,464,103449,0
1,0,21,593,37465,0
1,1,42,818,27994,0
1,1,30,377,23531,0
1,0,56,733,29343,0
1,0,61,376,79066,0
0,1,52,347,119020,0
0,1,40,381,26229,0
1,1,26,508,114311,0
0,1,19,744,112302,1
0,1,58,821,102124,1
0,1,61,328,108704,0
1,1,48,603,64789,1
1,0,61,764,64069,0
0,1,64,801,107402,1
1,1,19,745,29524,0
0,0,49,789,108074,1
0,1,35,727,106762,1
0,1,30,658,83103,0
0,0,63,390,28103,0
1,1,22,352,78581,0
1,0,59,503,103938,0
1,0,61,455,74203,0
0,0,27,301,35090,0
1,0,60,656,35915,0
0,1,42,357,61477,0
1,0,51,553,76987,0
0,0,54,479,119742,0
0,1,47,792,73238,1
0,0,24,334,107047,0
1,0,23,374,35029,0
1,0,20,588,116367,0
1,0,30,670,109067,0
1,1,20,628,73520,1
0,0,43,603,90053,0
1,1,41,520,71464,0
1,1,23,463,41961,0
0,0,60,779,46835,0
0,0,59,754,47725,0
0,0,29,674,45357,0
1,0,53,519,21244,0
0,1,19,553,87952,0
0,1,28,487,68061,0
0,1,56,490,26490,0
1,0,51,688,97219,0
0,1,43,514,25839,0
1,0,35,674,44992,0
1,0,38,385,64938,0
0,0,53,773,76249,1
0,0,57,830,64735,0
1,0,63,346,70734,0
0,1,61,364,67080,0
0,1,39,774,94460,1
1,0,47,445,101457,0
1,1,60,681,44260,0
0,0,47,365,79607,0
1,0,25,816,81852,1
0,0,51,392,48380,0
0,1,64,725,104347,1
0,0,26,767,91257,1
1,0,37,393,61191,0
0,1,57,432,24930,0
0,1,42,733,24353,0
0,1,36,640,27832,0
1,0,22,613,69554,0
1,0,28,511,108487,0
1,1,32,819,74017,1
1,0,25,458,77298,0
1,1,36,567,71389,0
0,1,40,773,93306,1
1,0,44,709,45525,0
1,0,57,773,102092,0
1,1,49,655,100630,1
0,1,43,492,93471,0
1,1,44,570,88211,0
1,1,36,413,51280,0
0,0,59,822,31240,0
1,1,46,354,85092,0
0,1,56,364,89541,0
0,1,58,571,82851,0
0,0,50,801,26544,0
0,0,36,661,77981,0
0,1,54,445,37332,0
1,0,36,508,46836,0
0,0,50,585,34388,0
0,0,64,309,21694,0
1,1,33,485,106677,0
0,1,40,763,108202,1
1,0,24,433,69294,0
1,1,43,470,58769,0
1,1,49,512,59420,0
0,0,29,829,57855,0
0,0,25,801,21460,0
0,1,22,326,67646,0
1,0,59,367,61252,0
0,1,45,707,29835,0
0,1,22,408,30910,0
0,0,43,373,102757,0
1,1,22,561,111149,0
1,1,39,667,116889,1
0,0,32,536,28463,0
0,0,30,665,33336,0
0,0,45,585,46534,0
0,1,50,677,22369,0
1,0,60,675,45381,0
1,0,40,375,105094,0
1,0,50,308,107905,0
1,0,60,495,119186,0
0,1,35,589,116490,0
0,1,47,360,45407,0
0,0,43,688,82552,0
1,1,33,307,55939,0
0,0,30,668,112303,0
1,0,56,344,87576,0
1,1,50,643,108652,1
0,1,43,674,46170,0
0,0,18,326,91908,0
0,0,55,492,42369,0
1,1,19,656,93098,1
0,0,23,361,64544,0
1,1,63,361,25900,0
0,0,55,721,60733,0
1,0,59,679,107236,1
1,1,41,576,20589,0
0,1,35,730,80044,1
1,1,44,414,85311,0
1,1,58,420,77926,0
0,1,25,824,90599,1
1,1,45,715,105553,1
0,1,27,462,103910,0
1,0,34,636,108435,0
0,0,46,678,69008,0
0,0,23,623,86794,0
1,1,31,472,99134,0
1,1,39,363,22866,0
1,1,23,400,72890,0
1,0,43,621,61504,0
1,1,56,365,115668,0
0,1,29,757,73374,1
1,0,52,752,49404,0
0,1,31,558,85223,0
0,0,39,725,20637,0
1,0,40,477,110152,0
0,1,24,579,35828,0
0,1,57,643,73544,0
0,1,42,316,111732,0
0,0,30,595,65097,0
1,0,38,501,52022,0
0,0,58,493,52202,0
1,1,27,448,48704,0
1,1,26,674,111411,1
0,1,32,334,43641,0
1,1,19,668,57479,1
1,0,42,328,98771,0
1,0,30,520,42027,0
0,0,51,352,118463,0
1,0,51,652,62912,0
1,1,52,691,112558,1
1,1,55,375,91474,0
0,1,20,793,62692,0
1,0,59,821,118884,0
0,0,23,416,52209,0
0,1,36,579,77563,0
0,1,20,474,76738,0
0,0,35,594,57242,0
0,1,56,750,29941,0
0,0,26,817,27073,0
1,0,29,320,57827,0
0,0,22,372,66225,0
1,1,20,335,57096,0
1,1,28,806,70546,1
0,0,47,532,86457,0
1,1,21,796,88309,1
1,0,22,505,89998,0
1,0,18,725,106496,0
1,0,44,343,50268,0
0,0,45,390,105354,0
1,1,46,769,62078,1
0,0,35,766,21865,0
1,0,29,753,116242,1
1,1,30,632,48887,0
0,0,58,806,69876,0
1,0,19,769,116047,1
1,1,54,320,53479,0
1,1,62,527,60478,0
0,1,33,675,46401,0
1,0,41,429,48502,0
0,1,52,713,33394,0
1,1,39,370,118694,0
0,0,53,703,29262,0
0,0,28,696,24487,0
1,0,63,636,47341,0
1,0,46,804,33570,0
0,0,52,575,77268,0
0,1,32,312,49605,0
1,1,48,302,91602,0
0,1,59,523,46723,0
1,0,58,474,89108,0
1,0,60,684,98206,1
1,0,33,540,80098,0
1,1,27,846,113375,1
0,1,49,313,68707,0
1,0,19,494,69028,0
0,1,41,696,113937,1
1,0,40,730,76921,0
0,1,19,605,80760,0
1,1,55,633,30249,0
0,1,48,709,87847,1
0,0,57,302,117547,0
1,1,43,751,63839,1
1,1,46,794,59673,1
1,0,20,716,23642,0
1,1,31,690,26338,0
0,0,42,672,71761,0
1,0,18,351,29622,0
0,0,20,675,68423,0
0,0,43,694,62873,0
1,0,35,441,67565,0
0,1,26,385,27806,0
0,0,55,763,20757,0
0,0,40,345,112246,0
0,0,38,537,41470,0
1,0,18,309,26220,0
1,1,38,829,111851,1
1,0,44,477,74754,0
1,1,59,305,113329,0
0,0,23,606,99852,0
0,1,61,847,42505,0
1,0,53,626,48288,0
1,0,45,655,94492,0
1,1,62,694,39109,0
0,0,34,599,23497,0
1,1,57,825,77326,1
1,0,20,584,29864,0
1,1,29,629,117046,1
0,0,56,349,113517,0
0,0,29,677,107562,0
0,1,19,837,94310,1
0,0,63,443,41017,0
0,0,39,359,21821,0
0,0,40,374,70337,0
0,0,47,302,65485,0
0,0,22,747,103557,0
1,0,26,574,76388,0
1,1,38,829,30372,0
0,1,28,514,113938,0
0,1,22,784,91333,1
1,0,52,628,36283,0
0,1,44,554,60857,0
0,0,19,686,71772,0
0,0,41,425,79670,0
1,0,48,849,93133,0
1,0,50,623,115856,0
1,1,56,503,51261,0
1,0,47,471,77154,0
1,1,63,516,26107,0
0,0,54,544,111296,0
1,1,45,635,55561,1
0,1,48,597,96674,0
0,1,28,481,55268,0
1,1,40,633,51608,1
1,1,19,810,33138,0
0,1,57,682,57693,0
0,0,58,498,103000,0
0,1,44,631,41248,0
1,0,52,464,38632,0
1,1,19,541,67547,0
1,0,56,526,32100,0
1,1,54,750,67930,1
1,1,38,495,86861,0
0,0,22,503,96905,0
1,1,62,757,73025,1
0,1,38,556,95876,0
0,1,46,828,98944,1
0,0,37,571,70840,0
1,1,55,308,39369,0
1,0,37,500,38460,0
1,1,42,358,111641,0
0,1,19,692,116920,1
0,0,49,418,21461,0
0,1,43,698,62362,0
0,1,23,630,118376,0
0,0,58,566,48610,0
0,1,20,819,40995,0
1,0,50,779,104716,0
1,0,18,433,27717,0
1,0,22,654,98867,0
1,1,30,797,99472,1
0,0,36,406,84022,0
0,0,29,589,73668,0
1,1,42,446,71645,0
0,0,52,626,49550,0
1,1,29,714,106151,1
1,1,47,509,23576,0
1,1,22,595,60868,0
0,1,51,697,118039,1
1,0,39,402,66380,0
1,0,56,807,25728,0
1,0,30,508,52800,0
0,0,64,727,30886,0
0,0,20,692,99614,0
1,1,37,408,89909,0
0,0,48,647,67236,0
0,0,22,349,65805,0
0,0,41,404,52532,0
0,1,57,719,48688,0
0,1,50,672,31063,0
0,0,25,326,43089,0
0,1,41,572,75942,0
0,0,37,639,71829,0
0,0,33,600,70553,0
0,1,29,779,53585,0
1,1,30,843,91739,1
1,0,62,564,79004,0
0,0,59,841,22438,0
1,1,56,465,113095,0
1,0,42,615,43212,0
0,1,63,300,70362,0
0,0,49,560,92177,0
0,1,41,362,36983,0
1,0,64,782,34026,0
1,0,61,620,70998,0
0,1,26,500,75744,0
0,0,57,521,77013,0
0,0,40,451,71039,0
1,1,30,761,69831,1
1,0,49,516,105172,0
1,0,32,495,54603,0
1,0,53,501,97758,0
0,1,22,533,87713,0
0,1,39,440,118452,0
0,1,33,797,33105,0
0,0,58,356,87182,0
1,0,27,803,72147,0
1,0,41,441,95400,0
0,0,35,838,66434,0
0,1,35,405,46515,0
1,0,24,464,109298,0
0,0,21,514,78001,0
1,0,43,370,78397,0
0,1,22,389,81415,0
0,0,33,527,36960,0
0,0,52,378,113143,0
0,0,43,648,101838,0
0,0,35,545,65778,0
0,0,46,571,50941,0
0,1,40,702,116857,1
1,0,31,415,115849,0
1,0,32,734,60955,0
1,0,50,829,98565,0
1,0,42,741,76908,1
1,0,38,471,84067,0
0,0,34,315,75696,0
0,0,40,355,38429,0
1,0,60,402,114048,0
0,0,34,583,96676,0
1,0,31,816,34847,0
1,1,46,577,67191,0
0,1,37,568,54256,0
0,1,47,699,48774,0
0,1,36,802,29127,0
1,0,56,385,48205,0
0,1,30,619,101163,0
1,1,35,331,78764,0
1,0,40,635,58664,0
1,1,63,350,76795,0
0,1,50,378,52333,0
0,0,56,473,56079,0
1,0,57,800,104225,0
0,0,35,375,44259,0
0,1,26,615,46571,0
0,1,50,672,71119,0
1,0,49,380,28009,0
1,0,34,370,81829,0
0,1,36,370,58230,0
1,0,44,345,76049,0
0,1,23,346,56498,0
0,0,52,721,48820,0
0,0,54,448,60315,0
0,1,51,429,115018,0
1,0,37,755,52795,0
1,0,42,804,105411,0
1,0,21,543,59191,0
0,1,27,773,74453,1
0,0,27,681,32453,0
0,0,41,402,70325,0
1,0,38,788,69490,0
0,0,28,336,94796,0
1,0,44,848,69993,0
1,0,33,819,65706,1
1,1,43,632,62817,1
1,1,47,696,84544,1
1,0,33,595,111434,0
1,1,24,406,75710,0
0,1,33,829,70799,1
0,0,52,382,80964,0
1,1,33,587,73678,0
1,1,57,760,91150,1
0,1,29,514,117379,0
1,1,52,580,80438,0
1,1,38,758,97223,1
0,1,60,643,81926,0
1,1,53,493,23801,0
1,1,34,457,61048,0
1,0,49,764,60144,1
0,0,58,403,114478,0
0,1,23,333,30148,0
0,1,41,401,102819,0
1,0,44,624,39861,0
1,1,37,440,81717,0
0,1,42,773,42480,0
1,0,19,330,38637,0
1,0,26,362,64621,0
1,0,45,386,80304,0
1,1,55,603,67431,1
1,1,20,360,119937,0
0,0,37,695,108921,0
1,0,23,633,76172,0
0,1,56,710,45437,0
1,0,50,583,28149,0
0,1,18,765,34671,0
1,1,54,379,43119,0
0,0,23,376,66117,0
1,0,62,839,119317,0
0,1,51,660,36279,0
1,0,64,376,88835,0
0,0,32,808,119810,1
1,0,62,463,24803,0
0,0,43,308,102897,0
0,1,31,474,80805,0
1,1,24,761,38201,0
1,1,63,606,48634,0
0,1,48,544,34760,0
1,0,41,421,30826,0
0,0,48,484,106821,0
0,1,46,331,65775,0
0,1,59,609,94676,0
1,0,49,671,26798,0
0,1,34,355,86103,0
0,1,31,572,97160,0
1,0,57,763,97751,0
1,1,53,755,93502,1
1,0,41,548,71410,0
1,0,62,377,60888,0
0,1,44,833,69047,1
0,0,42,407,115289,0
0,1,49,572,65955,0
0,0,35,314,21982,0
1,1,63,669,53864,1
0,1,35,603,99118,0
0,1,54,504,105490,0
1,0,43,412,59265,0
0,0,26,552,66313,0
0,1,52,740,64350,0
0,0,25,485,35378,0
0,1,37,526,89815,0
0,1,59,827,47924,0
0,0,39,653,102593,0
1,1,36,300,27312,0
1,0,47,719,50353,0
0,1,45,460,106450,0
0,0,52,460,36192,0
1,1,60,427,37450,0
0,1,28,450,25432,0
0,0,48,743,77225,0
0,1,56,770,116548,1
1,1,53,762,118991,1
0,0,47,329,98711,0
1,1,40,772,85604,1
0,0,36,379,30295,0
1,1,29,338,26774,0
1,0,32,539,32190,0
0,1,48,636,51286,0
1,1,60,579,96325,0
0,1,54,415,114450,0
1,0,54,568,117480,0
0,0,32,634,92427,0
0,0,46,611,107513,0
1,0,60,352,84014,0
0,1,43,367,115887,0
0,1,61,333,95852,0
1,0,19,685,75256,0
0,0,37,548,118743,0
0,0,32,410,78630,0
1,1,21,393,111190,0
1,0,39,709,82771,1
0,0,55,478,71715,0
0,1,40,346,27466,0
1,1,43,675,37637,0
1,0,28,501,88745,0
0,1,45,744,56317,0
1,0,19,596,69766,0
0,1,25,607,23078,0
0,0,46,792,47299,0
0,0,28,637,23543,0
0,0,54,365,114627,0
0,0,35,721,71052,0
1,1,31,839,114483,1
1,1,27,792,42064,0
1,1,52,616,92287,1
1,1,26,374,100442,0
0,0,52,358,103632,0
0,0,28,685,34425,0
0,1,61,314,71481,0
0,1,29,530,97347,0
1,1,20,498,103114,0
0,1,56,653,92317,0
0,1,31,334,106826,0
1,0,45,461,70530,0
1,0,28,770,101099,1
1,0,56,830,45888,0
1,1,42,722,47491,0
0,1,38,647,52352,0
0,1,27,446,41676,0
1,1,60,673,85836,1
0,0,32,715,57463,0
0,0,36,793,68990,0
0,1,39,555,106544,0
1,0,38,402,83627,0
0,0,61,420,40221,0
1,1,49,718,114870,1
0,1,40,649,105837,0
0,1,30,341,92843,0
0,1,22,666,71313,0
1,1,21,328,49251,0
0,1,45,313,66586,0
1,0,31,784,119693,0
1,0,25,488,94418,0
1,1,26,594,73884,0
0,0,52,482,72620,0
0,1,54,847,30040,0
0,1,38,336,91677,0
0,1,35,313,65878,0
1,1,50,458,25969,0
1,0,25,793,33162,0
1,1,34,628,85435,1
0,0,60,382,94667,0
1,1,48,321,25037,0
0,1,51,431,80526,0
1,1,23,764,107914,1
0,0,39,755,34693,0
0,1,31,601,112162,0
1,1,20,566,79090,0
1,1,29,694,22451,0
1,0,53,419,85560,0
1,0,29,545,25962,0
0,0,62,337,116951,0
1,1,19,544,109552,0
1,0,19,320,36444,0
1,1,32,409,60443,0
0,0,40,693,36506,0
0,0,46,709,58384,0
1,1,34,307,117229,0
0,0,49,743,44248,0
1,1,24,627,66162,1
0,1,47,589,62690,0
0,0,45,810,89625,1
0,1,31,660,88008,0
0,1,61,518,80309,0
1,0,47,705,63237,1
1,0,34,519,55732,0
1,1,49,406,28104,0
0,0,63,585,103230,0
1,1,23,307,110266,0
1,1,41,488,54980,0
1,0,23,380,94990,0
0,0,44,407,59560,0
0,0,35,620,29554,0
0,0,41,645,111049,0
1,1,54,627,65987,1
1,1,41,601,50985,1
1,0,55,499,110298,0
0,0,51,718,68167,0
0,1,57,338,60428,0
1,1,64,606,87238,1
0,1,32,303,82723,0
0,1,28,376,37038,0
0,0,39,767,42219,0
0,1,41,478,24271,0
1,1,18,575,47397,0
0,0,35,451,94491,0
0,1,61,463,49602,0
0,1,29,589,74471,0
0,0,60,677,82150,0
1,0,45,609,64227,0
1,0,57,688,117081,0
0,1,24,482,43116,0
0,1,40,605,26674,0
0,0,38,371,37469,0
0,0,51,518,25446,0
0,1,28,472,40760,0
0,0,39,571,21963,0
1,0,59,767,96002,1
0,0,52,568,47262,0
1,1,46,319,25177,0
1,1,59,802,31160,0
0,1,45,446,27543,0
1,1,35,728,102162,1
1,1,31,464,59278,0
1,1,35,609,49607,0
1,0,45,817,105835,1
1,1,41,313,37221,0
1,1,25,431,23323,0
0,0,59,738,72105,0
1,1,62,562,96151,0
1,1,25,524,86968,0
1,0,21,557,43238,0
0,0,44,533,83830,0
1,0,53,635,93967,0
0,1,22,708,28330,0
1,0,50,323,64153,0
0,1,51,570,28611,0
0,1,47,394,33872,0
1,1,25,441,69455,0
1,1,56,380,54930,0
0,0,64,573,92022,0
1,0,43,575,82714,0
0,1,54,764,108794,1
0,0,51,507,68716,0
0,1,24,595,86704,0
0,1,57,338,20415,0
0,1,45,587,96441,0
1,0,56,423,90779,0
0,1,56,582,102069,0
0,1,45,479,112556,0
1,0,31,396,108444,0
0,0,55,490,91435,0
1,0,21,373,119142,0
1,0,59,746,29888,0
1,1,35,796,65299,1
0,0,61,783,78765,1
0,1,42,415,82714,0
0,0,24,834,35935,0
1,0,55,397,93002,0
0,0,45,627,100631,0
1,0,22,706,96729,0
0,0,20,612,21320,0
1,0,61,447,66032,0
0,1,48,641,97763,0
0,0,64,794,37907,0
0,0,59,322,58002,0
1,0,37,404,64838,0
1,0,36,521,58912,0
0,1,28,314,20552,0
0,0,57,377,40140,0
1,0,20,621,105591,0
1,0,40,540,68737,0
1,0,24,317,53367,0
0,1,40,753,100634,1
1,0,24,742,44061,0
0,1,63,576,116590,0
1,0,51,723,100336,0
0,1,59,775,62124,0
1,1,36,326,65638,0
1,0,26,813,111115,1
1,0,35,763,21982,0
1,1,58,662,55765,1
1,1,62,682,102606,1
0,0,59,824,116422,0
1,1,42,681,74681,1
1,1,31,483,83232,0
1,1,61,493,82349,0
0,0,42,761,83474,0
1,1,36,355,49513,0
0,1,56,529,42592,0
1,1,32,788,43618,0
1,0,33,327,71632,0
0,0,44,483,35409,0
1,1,57,724,29529,0
0,0,27,674,44154,0
0,1,21,340,52882,0
1,0,36,783,64917,0
0,0,45,559,102488,0
1,1,38,740,35701,0
1,0,64,383,95281,0
0,0,31,345,109871,0
0,0,50,739,88225,0
0,1,27,818,72492,1
0,0,36,737,22988,0
1,0,47,435,55919,0
1,1,39,482,68426,0
0,0,20,471,72167,0
1,0,54,838,29013,0
1,0,58,419,59113,0
1,0,35,580,23574,0
1,0,28,607,118016,0
0,1,19,576,27838,0
0,1,29,829,113899,1
1,0,23,594,51368,0
0,0,60,352,52228,0
0,0,57,731,69711,0
0,1,61,351,66097,0
1,1,46,371,75773,0
1,0,47,327,48639,0
1,0,19,768,34823,0
0,1,26,846,43510,0
1,0,64,700,58333,0
1,1,19,500,24435,0
0,1,46,765,58418,0
1,0,50,678,77955,1
1,1,27,476,79507,0
0,0,51,351,71033,0
0,0,61,378,106089,0
0,0,25,684,92972,0
1,0,54,307,67219,0
1,0,50,513,54477,0
1,0,64,324,109780,0
0,1,23,749,62721,0
0,1,61,756,87228,1
1,1,57,760,35523,0
1,1,62,497,52326,0
0,0,36,393,62205,0
0,1,49,736,20125,0
0,1,44,826,86735,1
0,1,18,677,36375,0
1,0,60,403,22711,0
0,1,50,338,52437,0
1,0,57,757,48022,0
1,1,49,663,29182,0
1,0,22,434,113177,0
0,0,34,673,115066,0
0,1,25,531,108148,0
0,0,59,338,91531,0
0,0,51,346,60950,0
1,1,26,335,32920,0
0,1,40,394,42144,0
0,1,52,660,104418,0
1,0,24,824,22565,0
0,0,32,445,108909,0
1,0,37,667,73942,0
1,1,42,364,90560,0
1,0,20,527,44691,0
1,0,63,819,53799,0
1,0,41,480,86777,0
1,0,51,800,54510,0
1,0,63,454,107919,0
1,0,39,834,97366,0
0,0,28,734,48975,0
0,1,25,398,73242,0
0,1,56,671,66546,0
0,1,60,661,112087,0
1,0,52,411,43267,0
0,0,63,752,97911,0
1,1,55,468,107049,0
0,0,25,438,89939,0
0,1,54,530,24897,0
0,0,44,538,20163,0
1,0,45,552,72540,0
0,1,57,735,102915,1
1,1,51,721,50030,1
1,1,49,602,75313,1
0,1,32,371,49870,0
0,1,61,562,49482,0
0,0,34,521,51058,0
1,0,50,376,77255,0
0,0,64,361,112407,0
1,1,63,770,84930,1
1,1,33,456,70500,0
0,1,46,424,46379,0
0,1,26,460,87787,0
1,1,50,840,43674,0
1,1,46,834,26590,0
1,0,30,405,51432,0
0,0,38,430,60426,0
1,0,38,656,69584,0
0,0,22,301,107663,0
1,0,27,532,58015,0
1,1,23,668,93251,1
0,1,30,550,89353,0
1,1,18,407,115029,0
0,1,37,575,102990,0
0,1,64,479,24600,0
1,1,63,592,44690,0
0,0,25,474,53762,0
0,1,27,422,57499,0
1,1,26,526,107988,0
0,1,58,743,27670,0
0,1,20,727,106687,1
0,0,28,382,37341,0
1,0,29,364,115140,0
0,1,27,580,93823,0
1,0,42,690,104074,0
1,0,42,727,37015,0
0,1,28,406,85126,0
0,1,53,847,75197,1
0,1,56,561,69849,0
1,1,43,458,35852,0
0,1,31,564,75361,0
0,0,56,767,41258,0
0,1,57,501,82355,0
0,1,18,454,61508,0
0,1,21,312,87784,0
1,0,47,596,91728,0
1,1,29,797,47410,0
0,1,52,544,29895,0
0,1,30,599,91942,0
0,0,48,661,53924,0
0,1,55,653,90831,0
1,1,60,820,32264,0
0,1,40,685,48038,0
1,0,21,611,29136,0
1,1,33,713,33213,0
0,1,24,577,97608,0
1,1,39,655,47431,0
1,0,46,824,62290,0
1,1,28,315,87539,0
1,1,50,344,105535,0
0,1,46,620,116815,0
0,0,56,625,62747,0
1,0,29,447,95974,0
0,1,24,654,99763,0
0,0,56,535,89208,0
0,0,59,404,92994,0
0,0,43,773,104075,0
0,1,57,695,89015,1
1,1,26,745,34887,0
0,0,58,519,20051,0
0,0,51,741,87695,1
0,0,62,327,89926,0
0,1,30,774,105571,1
1,1,53,604,48491,0
1,0,42,704,36080,0
1,0,41,812,54880,0
1,0,61,801,79965,1
0,0,34,647,67361,0
1,1,19,539,107685,0
0,0,30,636,100875,0
0,1,48,325,114841,0
0,0,46,708,86890,0
0,0,45,376,91156,0
0,0,44,516,89290,0
1,0,32,627,36593,0
1,0,48,322,36167,0
1,1,57,609,108091,1
1,0,32,566,53005,0
0,0,50,714,85471,0
1,0,37,566,70728,0
0,1,59,632,28691,0
1,1,29,749,29756,0
0,1,54,546,56308,0
0,1,26,335,84079,0
1,0,40,700,85524,1
0,0,25,327,80466,0
0,0,49,519,29327,0
1,1,31,705,48520,0
0,0,44,570,63308,0
1,0,42,810,114436,0
1,1,30,585,36533,0
1,1,38,753,117417,1
0,1,62,616,113318,0
0,0,48,596,64488,0
0,0,54,637,87160,0
1,1,60,606,60429,1
0,0,22,727,71726,0
1,1,30,650,106348,1
1,1,45,810,93065,1
0,0,60,824,40653,0
1,1,42,791,76921,1
0,1,52,308,113396,0
0,1,64,796,33654,0
0,0,56,739,22108,0
0,1,24,407,89483,0
0,1,55,544,27899,0
1,1,49,554,33372,0
1,1,20,332,57682,0
1,1,62,322,115909,0
0,1,56,348,87799,0
0,1,54,761,111724,1
0,0,39,635,56583,0
1,0,25,657,49295,0
0,1,34,421,86113,0
1,0,44,743,100565,0
1,0,50,658,69574,0
0,1,63,645,84934,0
0,0,34,492,50066,0
1,1,59,715,103149,1
0,1,29,676,105096,0
1,1,63,762,28945,0
0,1,44,445,49418,0
0,1,25,777,102607,1
1,0,40,707,69874,0
0,1,59,585,37130,0
1,0,46,410,106257,0
0,1,37,349,88248,0
1,1,33,313,102627,0
1,1,34,433,101393,0
0,0,33,642,61394,0
1,1,36,585,69635,0
0,1,25,613,119837,0
0,1,55,596,102089,0
0,1,55,463,37404,0
1,0,46,796,92629,0
1,1,58,315,33156,0
0,0,53,643,75618,0
0,1,43,377,69999,0
1,0,48,645,33785,0
0,0,61,371,68359,0
0,1,29,569,110807,0
1,1,34,586,34694,0
0,0,32,365,56114,0
1,1,26,367,89549,0
0,1,56,492,77230,0
1,1,59,354,52799,0
0,0,29,678,110288,0
0,1,49,467,31156,0
1,1,42,708,30304,0
0,1,56,807,60645,0
1,0,35,836,58938,0
0,1,32,401,76982,0
1,0,49,721,97614,1
1,1,23,777,111614,1
1,0,61,419,22315,0
1,1,60,590,112756,0
0,1,52,787,117267,1
0,0,51,460,118369,0
1,0,55,377,32420,0
1,0,22,337,38312,0
1,1,35,693,41395,0
0,1,33,740,60301,0
0,1,25,839,66972,1
0,1,42,761,83294,1
0,0,49,593,100853,0
1,1,43,699,68225,1
1,1,39,391,102504,0
1,1,48,305,42854,0
0,1,60,570,90780,0
0,1,27,398,50929,0
0,1,29,825,77103,1
1,1,45,493,83620,0
1,0,23,456,109590,0
0,1,37,414,104124,0
1,1,22,695,64590,1
0,1,40,821,92554,1
0,1,26,513,30621,0
1,0,46,832,20973,0
0,0,33,314,78786,0
1,0,63,718,57097,0
0,0,39,667,54245,0
1,0,25,512,85211,0
1,0,37,304,74841,0
1,1,31,530,45346,0
0,0,56,500,91980,0
0,0,54,701,110417,0
1,1,51,448,69153,0
1,0,28,791,110382,0
0,1,57,525,96942,0
0,1,50,468,110975,0
0,0,48,451,25972,0
1,1,61,523,68063,0
0,0,51,803,85488,0
0,0,24,849,77055,1
1,1,40,343,84366,0
0,1,63,803,30931,0
0,0,24,540,27702,0
0,1,42,650,104834,0
1,1,20,322,41540,0
1,0,55,342,77450,0
1,0,37,765,117576,1
1,1,51,339,85252,0
1,0,61,602,66904,0
1,0,61,474,72320,0
1,0,47,831,51000,0
0,0,34,760,115341,1
0,0,27,492,22599,0
1,0,52,543,107636,0
0,0,37,579,116045,0
0,1,35,335,104719,0
1,0,62,839,76165,1
0,1,61,453,78855,0
0,1,44,322,20018,0
0,1,53,390,20858,0
0,0,40,689,45992,0
0,0,49,658,52580,0
1,1,27,849,90916,1
1,0,28,527,55800,0
1,1,55,501,78770,0
0,0,23,649,74941,0
1,0,58,337,104451,0
0,1,64,799,57487,0
0,1,51,342,32943,0
0,1,53,816,81457,1
0,0,54,367,38836,0
1,1,34,422,31394,0
1,0,57,635,92158,0
0,0,57,452,45280,0
1,0,29,461,97318,0
0,1,38,513,21159,0
1,1,57,675,90162,1
1,1,36,742,43440,0
0,0,20,722,97166,0
1,0,35,837,72712,0
0,1,36,529,67656,0
1,0,64,358,26589,0
0,0,23,395,68241,0
0,1,33,561,43233,0
1,1,25,653,55011,1
1,1,35,611,28177,0
0,0,60,435,54528,0
1,0,56,772,81351,0
1,0,29,729,111908,0
0,0,62,836,76831,1
0,0,27,445,71827,0
1,1,24,823,43508,0
0,0,63,386,74933,0
0,0,18,408,100501,0
0,0,53,722,88772,0
1,1,38,644,35611,0
1,1,54,565,42282,0
0,1,41,793,61003,0
1,0,42,632,101365,0
0,1,24,712,94216,1
1,1,59,490,31340,0
0,1,34,441,116629,0
0,0,46,372,106643,0
1,1,47,466,94684,0
0,0,24,467,103035,0
1,0,50,558,38165,0
1,1,24,738,110762,1
0,0,41,410,38260,0
0,1,28,830,74515,1
1,0,26,589,110452,0
0,1,29,809,50480,0
0,1,52,474,72527,0
0,1,21,601,79789,0
0,0,53,484,71902,0
0,1,45,638,52191,0
1,0,30,809,79488,0
1,1,40,609,95082,1
0,0,36,806,56044,0
0,0,59,645,69600,0
0,1,54,380,107457,0
1,1,56,673,68776,1
0,1,41,455,32836,0
1,1,33,731,94525,1
1,1,50,799,72648,1
1,0,29,446,33740,0
0,1,51,780,115716,1
1,1,24,734,33102,0
0,0,28,818,100893,0
1,1,48,368,71334,0
0,1,46,485,50255,0
1,0,30,503,45221,0
0,1,48,312,83265,0
1,1,19,573,20719,0
0,1,56,597,103442,0
0,0,32,350,43140,0
0,1,28,799,75779,1
0,0,51,668,21069,0
1,1,56,656,74714,1
1,0,21,302,93285,0
0,1,28,553,32935,0
1,0,46,774,64035,1
0,0,19,805,116256,1
0,0,33,555,47937,0
1,0,56,449,38540,0
0,0,30,787,93480,1
0,0,54,578,68702,0
1,1,34,358,98283,0
0,1,38,745,96041,1
0,0,61,412,97233,0
0,0,36,788,56907,0
0,0,24,706,35221,0
1,0,55,666,74781,0
1,1,25,359,27087,0
1,0,30,628,106998,0
0,1,54,768,42789,0
0,1,19,362,76023,0
1,0,58,483,53400,0
0,0,28,610,22199,0
0,1,41,837,67316,1
0,1,23,476,107273,0
0,0,43,728,72062,0
1,0,24,372,91609,0
1,0,56,466,36744,0
1,1,36,524,96095,0
0,1,23,308,75517,0
1,0,60,535,118231,0
1,1,46,327,68865,0
0,1,60,326,93937,0
0,0,56,849,97195,0
1,0,19,495,33894,0
1,1,36,502,49160,0
1,1,21,384,73095,0
1,0,23,329,49272,0
0,0,54,765,74021,0
1,0,45,398,110048,0
1,0,47,489,53645,0
0,0,24,311,41179,0
1,1,26,329,30691,0
0,1,42,337,101646,0
0,1,50,593,65311,0
0,1,18,659,115381,0
1,0,23,479,59038,0
1,0,35,411,44967,0
0,0,27,743,48478,0
1,1,45,320,75775,0
1,1,28,444,90624,0
0,1,50,798,60332,0
0,0,18,445,27066,0
1,1,30,740,59313,1
0,0,54,720,87857,0
1,0,37,615,65900,0
1,0,18,465,110069,0
1,0,20,502,110045,0
1,0,35,795,61098,1
0,0,58,767,28294,0
0,1,31,684,82580,1
0,0,48,613,58101,0
0,0,44,554,45059,0
1,1,34,322,116784,0
1,0,63,638,60626,0
0,1,46,792,40703,0
1,1,53,810,81417,1
1,1,54,665,79228,1
1,0,43,671,23205,0
0,0,34,518,54929,0
0,1,39,774,103384,1
0,0,42,722,53411,0
1,0,19,655,100522,0
0,1,39,759,31628,0
0,1,22,802,90089,1
0,0,21,326,26518,0
0,1,53,522,58491,0
0,1,23,447,27946,0
0,1,38,723,20610,0
1,0,30,650,89838,0
1,0,54,485,54311,0
0,0,42,714,119770,0
0,1,43,728,61876,0
1,0,56,340,100192,0
1,1,37,692,70333,1
0,0,50,378,71298,0
0,0,31,843,104192,0
0,1,53,749,61811,0
0,0,34,773,90072,0
1,1,38,441,62974,0
0,0,63,550,39856,0
0,0,33,593,64830,0
0,1,63,435,101983,0
0,1,33,783,65823,1
1,1,37,611,118863,1
1,0,46,345,94397,0
1,0,45,535,105814,0
0,0,25,347,87078,0
0,1,41,497,87951,0
1,1,20,383,32905,0
0,1,42,842,41601,0
0,0,36,460,107099,0
1,0,50,727,60955,0
1,1,19,370,92179,0
1,0,32,819,68435,1
1,1,39,351,44044,0
0,0,27,344,31246,0
0,0,35,592,22458,0
1,1,39,764,78507,1
0,0,63,849,26028,0
1,0,44,679,71901,0
1,1,30,777,26306,0
0,1,50,561,47678,0
1,0,22,478,110444,0
0,1,43,656,32363,0
0,0,30,718,34066,0
0,1,44,500,83804,0
0,0,31,312,68544,0
1,0,41,742,118247,0
0,1,20,585,20189,0
1,0,64,557,31752,0
1,0,47,847,27482,0
1,1,52,789,36679,0
1,1,31,797,110088,1
0,0,29,632,20799,0
0,1,45,331,110917,0
1,1,61,342,29934,0
1,0,46,650,77558,0
0,0,60,633,79223,0
1,1,34,569,104620,0
0,1,57,712,61556,0
1,1,38,318,29909,0
0,0,40,646,111467,0
1,0,37,336,111404,0
1,0,28,391,63558,0
0,0,51,484,99382,0
1,0,27,327,107793,0
1,0,27,847,48013,0
0,0,60,671,42875,0
1,1,23,829,110253,1
0,1,53,644,31408,0
0,0,41,718,55607,0
1,0,29,495,81684,0
1,0,60,377,56281,0
1,1,40,466,47326,0
1,0,44,389,33601,0
1,1,62,563,21135,0
1,1,54,771,42741,0
1,1,23,507,31913,0
0,1,18,570,30101,0
1,1,23,562,38631,0
0,0,39,805,92084,0
1,0,58,811,56870,0
1,1,41,823,68985,1
0,0,42,611,47215,0
1,1,32,473,82110,0
1,1,43,730,39215,0
0,0,25,762,111118,0
1,0,41,400,34024,0
1,0,55,315,96949,0
1,0,23,557,101855,0
0,0,52,543,104982,0
1,1,59,647,65483,1
1,0,18,548,117572,0
1,0,63,404,98157,0
1,0,53,586,30511,0
0,1,29,468,39923,0
0,0,55,719,30558,0
1,1,28,346,117771,0
1,0,29,342,20526,0
0,0,59,620,21753,0
0,1,56,520,46248,0
1,0,24,812,34656,0
0,0,28,740,43266,0
1,1,53,443,84555,0
0,0,48,327,82995,0
0,1,50,466,95756,0
0,1,30,548,103574,0
0,1,35,656,98277,0
1,1,58,410,90377,0
0,1,41,533,116111,0
0,0,26,323,85402,0
1,0,48,325,74176,0
0,0,58,680,61733,0
0,1,27,645,34418,0
1,1,19,677,57185,1
0,1,55,821,61745,0
1,1,32,316,113417,0
1,0,20,544,73787,0
1,0,60,838,100123,0
1,1,48,501,72035,0
0,1,23,547,107804,0
1,0,20,417,85984,0
0,1,28,308,72462,0
0,1,32,322,57353,0
0,1,62,539,93644,0
0,0,45,326,68302,0
0,0,27,380,96979,0
0,1,55,498,42435,0
0,0,64,391,77728,0
0,1,24,383,118598,0
0,1,32,599,21238,0
0,0,35,595,100857,0
1,1,35,753,101610,1
1,1,58,580,33049,0
1,0,41,358,77193,0
0,1,19,641,55584,0
1,1,57,764,86634,1
1,1,37,641,34679,0
1,0,51,361,54505,0
0,1,60,728,71341,1
0,0,43,555,70374,0
0,1,24,646,66998,0
0,1,55,825,96970,1
1,1,47,603,75701,1
1,1,59,544,64859,0
1,0,22,711,53178,0
1,0,28,516,47575,0
0,1,18,815,39329,0
0,1,51,773,77254,1
0,1,18,335,104029,0
1,1,36,477,107366,0
0,1,19,686,93662,1
0,1,38,316,60068,0
1,1,37,347,78951,0
1,1,40,361,107629,0
0,0,38,368,55171,0
0,0,41,665,28262,0
0,0,21,461,63270,0
0,1,29,787,40785,0
0,1,39,730,59469,0
0,1,37,788,88831,1
1,0,35,529,101223,0
1,1,18,669,65643,1
1,0,47,477,87657,0
0,1,50,709,23582,0
1,0,41,569,50280,0
0,0,31,505,62589,0
0,0,53,381,60000,0
1,1,22,492,117208,0
0,0,28,488,21085,0
0,1,41,575,101427,0
1,1,48,373,35600,0
1,1,30,309,117994,0
1,1,33,515,79801,0
0,1,41,589,81739,0
1,0,30,744,94181,1
1,1,41,492,61596,0
0,1,43,588,90410,0
1,1,19,443,99303,0
1,1,33,688,72188,1
1,1,55,706,46825,0
0,0,63,669,30913,0
0,0,18,740,101751,0
0,1,28,828,104269,1
0,0,52,312,34332,0
1,0,60,639,74895,0
0,1,46,611,24432,0
0,0,54,403,108095,0
1,1,34,638,46570,0
1,0,56,497,26103,0
1,0,59,599,35900,0
0,0,45,743,78415,0
0,1,46,658,87567,0
0,0,60,667,82713,0
1,0,20,468,103169,0
1,1,27,448,78639,0
0,1,59,341,108728,0
1,0,31,501,105476,0
1,1,29,543,28988,0
1,0,64,763,98488,1
0,0,59,748,112905,1
1,1,47,736,22977,0
1,1,49,830,74641,1
0,1,49,572,21268,0
0,0,59,729,74431,0
1,1,49,512,36756,0
1,0,43,403,40764,0
0,1,18,491,79912,0
0,0,59,679,60385,0
1,1,19,380,35032,0
1,0,34,848,115014,1
1,1,47,676,65702,1
1,0,56,453,31885,0
0,1,24,539,29796,0
1,1,44,673,52863,1
1,0,26,503,101014,0
0,1,39,649,52117,0
1,0,51,442,40753,0
0,0,63,488,40325,0
1,1,18,571,27021,0
1,0,26,831,100721,1
0,1,37,599,73096,0
0,1,36,725,91404,1
1,0,53,345,33071,0
1,1,57,394,84649,0
1,0,62,363,28041,0
0,0,21,712,102051,0
1,1,26,308,60058,0
0,1,58,758,68263,1
0,0,39,708,111502,0
1,0,35,769,64470,1
0,1,29,805,107826,1
1,1,59,372,116238,0
1,1,60,383,48223,0
1,1,56,358,53575,0
1,0,26,320,65799,0
1,1,23,757,41661,0
0,0,36,456,101975,0
0,0,64,628,56432,0
1,1,24,502,119047,0
1,0,33,405,51147,0
0,1,22,421,49114,0
0,0,33,617,26030,0
0,1,18,481,110051,0
0,0,54,615,67429,0
1,0,56,705,67743,1
1,1,36,369,115869,0
0,1,54,459,85615,0
1,0,34,539,67577,0
0,0,43,822,114584,0
1,1,39,437,22966,0
0,0,25,794,23728,0
1,1,50,546,57304,0
0,0,19,842,69277,0
0,1,47,823,110330,1
1,0,64,542,20947,0
0,1,37,635,98101,0
1,1,35,721,101380,1
1,0,60,493,86130,0
0,1,27,607,41414,0
1,0,41,805,116226,0
1,1,21,580,102060,0
1,1,54,738,113005,1
1,1,21,782,39439,0
1,0,30,522,111742,0
0,1,42,416,78220,0
1,0,30,491,66785,0
1,1,35,815,56973,1
1,0,41,829,107091,0
1,0,19,606,93318,0
1,0,50,831,88196,0
0,1,36,421,26089,0
1,0,26,453,90854,0
0,1,45,836,82235,1
0,0,52,751,112141,0
0,0,56,468,49400,0
0,0,27,358,35405,0
1,0,18,600,72763,0
0,1,59,849,50209,0
0,0,38,416,93598,0
1,0,26,426,37424,0
1,1,64,704,109523,1
1,0,32,698,40556,0
0,0,52,814,113137,0
1,0,22,797,39330,0
1,0,58,827,101266,0
0,1,39,697,23236,0
1,1,58,564,89216,0
1,0,40,562,50312,0
1,1,24,697,41191,0
1,1,40,826,103457,1
0,0,61,735,56640,0
1,1,42,659,82293,1
1,0,44,428,56688,0
0,1,58,540,91229,0
1,1,23,521,105802,0
0,1,51,513,112024,0
1,0,26,434,44122,0
0,1,50,685,61224,0
0,0,23,602,114540,0
0,0,54,586,26331,0
0,1,48,488,107102,0
1,0,51,596,62262,0
0,1,58,825,106314,1
1,0,46,688,79592,0
0,0,31,758,53926,0
0,1,53,560,106287,0
0,1,53,412,37528,0
1,1,32,335,20068,0
0,1,25,378,89253,0
1,0,43,574,100754,0
1,0,53,577,63968,0
1,0,38,611,110938,0
1,1,45,828,68623,1
1,0,21,503,117179,0
1,1,33,316,62129,0
1,0,39,775,114688,1
1,1,29,810,81321,1
1,0,33,509,31526,0
0,0,57,798,112452,1
0,1,55,701,111564,1
0,0,59,728,46709,0
0,1,54,377,35063,0
0,0,46,379,24723,0
1,0,35,605,24213,0
1,1,27,357,42797,0
1,1,59,829,104946,1
1,0,56,507,108918,0
1,0,35,810,65217,0
1,0,18,434,88283,0
1,0,56,821,43655,0
0,0,38,382,115884,0
0,0,18,343,97990,0
0,1,32,782,32587,0
0,1,21,792,42555,0
1,1,37,798,48071,0
1,0,27,317,40239,0
1,0,40,593,117138,0
0,0,58,447,69151,0
1,1,51,771,22203,0
1,1,63,471,33635,0
1,0,50,830,72571,0
0,0,51,419,21144,0
1,1,56,365,52699,0
0,1,27,440,104619,0
0,1,37,745,111663,1
0,0,18,805,32213,0
0,0,30,488,36944,0
1,0,18,457,86723,0
0,1,22,545,88669,0
0,1,33,332,88947,0
1,0,32,660,54457,0
1,0,45,629,55191,0
0,1,48,811,92264,1
1,0,40,370,77924,0
0,1,62,612,53744,0
0,1,60,378,73424,0
0,0,34,468,108417,0
0,1,51,479,98337,0
1,0,30,559,96084,0
0,1,31,785,52886,0
1,1,28,304,119846,0
1,0,45,596,104963,0
1,1,59,659,20972,0
1,0,49,416,119219,0
0,0,52,656,26621,0
1,1,48,738,111549,1
0,0,34,630,69738,0
1,0,64,824,77694,1
1,0,26,487,74777,0
0,0,27,580,34530,0
0,0,25,810,27354,0
0,0,38,765,66529,0
1,1,30,414,71714,0
1,0,22,535,108759,0
0,1,23,637,61232,0
0,1,47,821,72079,1
0,0,48,498,32550,0
0,1,34,349,108196,0
1,1,28,441,80385,0
0,0,37,827,84736,1
0,0,26,813,116565,1
0,0,19,329,50268,0
0,1,54,381,111876,0
1,1,18,330,24290,0
0,0,21,632,75034,0
1,0,53,476,50138,0
0,1,42,669,91982,0
0,1,20,846,33432,0
1,1,26,834,87058,1
0,1,39,405,78175,0
1,0,40,396,53329,0
1,1,29,529,89076,0
0,1,27,526,32328,0
1,1,51,670,54247,1
1,1,60,399,26677,0
1,0,27,744,81810,1
1,0,47,767,70357,0
1,1,39,354,75812,0
1,1,23,494,61616,0
1,0,19,819,81284,1
1,0,47,723,69741,0
0,1,19,614,73478,0
0,1,49,427,74056,0
1,0,59,331,111483,0
0,0,33,392,65534,0
1,0,29,818,99056,1
1,0,18,557,84162,0
0,0,25,519,64711,0
1,0,30,405,42805,0
1,1,32,847,115980,1
1,0,61,715,40143,0
1,0,25,608,95828,0
0,0,27,665,82473,0
1,0,63,820,36017,0
1,1,22,758,83202,1
1,1,36,669,110859,1
0,0,64,630,61423,0
1,1,55,310,61713,0
0,1,28,806,107856,1
0,1,60,718,94310,1
1,1,37,421,22205,0
1,1,37,534,73266,0
0,1,38,630,32342,0
1,0,35,842,89563,1
0,0,27,647,83190,0
0,0,51,711,101863,0
1,0,43,523,41200,0
1,0,47,452,27188,0
0,1,26,511,22808,0
0,0,63,391,33851,0
0,0,48,630,100890,0
0,1,59,766,84928,1
1,1,21,527,35058,0
1,0,23,493,34620,0
1,1,31,829,72755,1
1,1,21,542,82995,0
1,1,43,688,116766,1
0,1,64,575,56681,0
1,0,56,749,84509,1
1,1,34,777,103339,1
1,0,36,779,87703,1
1,0,23,587,87680,0
1,1,46,839,87703,1
0,1,28,629,62136,0
0,1,33,769,111380,1
0,0,47,833,113699,1
1,1,42,766,108456,1
0,1,57,719,103086,1
0,1,28,421,56343,0
1,1,24,607,38254,0
1,1,43,633,81273,1
1,0,39,719,79611,1
0,1,42,625,80002,0
0,1,36,549,105683,0
1,1,48,394,32926,0
1,0,43,595,119359,0
0,1,59,483,84264,0
0,0,58,559,109527,0
1,0,53,485,47563,0
1,1,40,708,50688,1
0,1,64,368,114559,0
1,1,30,307,54130,0
0,0,42,564,20925,0
0,0,19,783,71595,0
0,0,19,670,36321,0
0,0,33,382,30769,0
1,0,26,510,56748,0
1,0,45,612,60028,0
0,1,30,636,36151,0
0,1,52,789,96133,1
0,0,58,702,54187,0
0,1,30,490,63835,0
0,1,48,634,20059,0
1,0,38,821,105717,1
1,0,49,386,47235,0
1,1,51,361,114208,0
1,0,25,686,87114,0
0,0,58,445,65366,0
0,1,19,452,101583,0
0,0,55,648,52160,0
0,1,49,477,119011,0
0,1,57,786,110085,1
1,1,45,546,25277,0
0,1,54,553,21780,0
1,1,58,799,66579,1
1,0,18,840,80750,0
1,0,58,651,76902,0
1,0,27,811,100198,0
0,0,21,312,117052,0
1,1,52,450,52161,0
1,1,27,349,64499,0
1,0,64,514,51886,0
0,1,28,671,28800,0
0,0,31,412,69460,0
0,0,55,551,90975,0
1,0,29,640,89843,0
1,1,62,352,22364,0
0,1,34,429,36568,0
1,1,33,492,58092,0
0,1,52,356,91019,0
0,0,19,396,82679,0
1,1,28,497,85781,0
1,1,58,446,28430,0
1,1,20,594,93719,0
1,0,46,311,58692,0
0,0,35,632,50086,0
0,1,37,519,69671,0
0,1,64,697,118262,1
0,1,31,641,33901,0
0,1,51,811,23907,0
1,0,48,471,118580,0
0,1,57,767,48604,0
0,1,59,465,57869,0
0,1,35,469,34537,0
1,0,47,811,32501,0
1,0,42,488,57371,0
1,1,36,419,56821,0
1,1,25,404,108732,0
0,1,45,340,26073,0
0,1,25,620,81005,0
1,1,48,634,96097,1
1,0,20,459,38101,0
0,0,20,563,51426,0
0,0,61,829,114877,1
1,1,39,776,27313,0
1,0,34,651,50773,0
1,0,53,844,48003,0
1,0,34,509,79668,0
0,1,31,795,111956,1
0,1,26,681,91250,1
0,0,47,780,112675,0
1,1,38,304,111634,0
1,0,29,333,62294,0
0,0,54,444,33582,0
0,0,49,650,33760,0
0,0,28,764,91791,0
0,1,37,647,102158,0
1,1,52,424,55983,0
0,1,64,570,60309,0
0,1,63,656,49715,0
0,0,28,826,56415,0
0,1,25,797,107328,1
0,0,21,452,108260,0
0,1,44,352,71581,0
0,1,61,448,23652,0
1,1,57,802,46297,0
1,0,55,749,117958,0
1,0,64,518,34028,0
1,0,47,576,33803,0
0,0,61,751,26307,0
1,1,44,727,51325,1
1,0,38,382,78616,0
0,0,37,517,80483,0
0,1,21,826,51574,0
1,1,28,703,104798,1
1,0,30,589,87071,0
0,1,26,719,34932,0
1,0,21,638,35749,0
0,1,29,718,28727,0
0,0,26,506,75406,0
0,0,30,564,37332,0
0,0,43,335,115070,0
1,0,55,672,30834,0
0,0,59,787,40325,0
0,1,30,558,29213,0
1,0,56,830,21403,0
0,0,45,322,76971,0
1,0,36,403,74030,0
1,0,41,540,93042,0
1,0,36,552,115195,0
0,1,30,441,27591,0
1,1,30,750,32996,0
1,0,45,606,72485,0
0,1,19,799,67830,1
1,0,27,307,54370,0
1,1,39,368,77572,0
1,1,30,367,99008,0
1,0,26,707,49098,0
1,1,50,817,81561,1
0,1,31,418,22196,0
1,0,37,330,31091,0
1,0,32,817,100576,0
0,1,49,782,85254,1
0,1,50,506,69262,0
0,1,34,686,26023,0
1,0,41,711,40543,0
0,1,47,669,80029,0
1,1,30,652,113913,1
1,1,64,635,62337,1
0,0,33,588,60409,0
0,0,19,439,90540,0
1,0,34,599,29963,0
0,0,49,312,33796,0
1,1,60,727,60972,1
0,0,25,699,92613,0
0,1,20,408,115384,0
0,1,29,784,98062,1
1,1,37,655,23261,0
0,1,33,448,37046,0
1,0,31,606,33397,0
1,0,33,832,80436,1
1,0,60,359,110805,0
1,0,50,734,45757,0
0,0,47,320,35299,0
1,1,29,681,21902,0
1,0,32,544,62399,0
0,0,35,372,68330,0
1,0,45,748,66308,0
0,0,40,375,23846,0
1,1,31,689,32359,0
0,1,47,641,69376,0
1,1,50,589,88056,0
0,1,62,630,60832,0
1,1,32,558,40098,0
1,0,24,725,69962,1
0,1,32,305,108672,0
0,1,59,305,55885,0
0,1,63,490,116256,0
0,0,55,447,41157,0
1,0,63,704,68372,0
1,1,61,557,39674,0
0,0,28,778,52357,0
1,0,46,389,32578,0
0,1,48,309,22251,0
0,0,42,386,99049,0
1,0,41,450,57429,0
1,0,36,329,112641,0
1,1,19,427,66871,0
1,1,39,377,106526,0
1,1,37,720,45499,0
1,0,50,354,26421,0
1,1,25,779,72204,1
0,0,42,604,44591,0
0,0,63,845,80940,1
0,0,26,404,112515,0
0,1,51,471,106371,0
0,1,40,798,32202,0
1,1,22,321,111202,0
0,1,42,586,39290,0
0,0,25,690,38130,0
0,1,33,448,57077,0
0,0,62,571,39396,0
0,1,32,598,80848,0
0,1,18,471,103488,0
0,1,39,346,80530,0
1,0,20,506,84274,0
1,0,55,752,47122,0
0,0,31,694,49381,0
1,0,53,600,65435,0
1,0,35,475,43267,0
1,1,64,409,81978,0
1,0,58,501,27088,0
0,0,35,467,117354,0
1,0,20,385,32822,0
1,0,27,350,70216,0
1,1,56,411,56589,0
0,0,64,762,85262,0
0,1,18,741,77911,1
0,1,44,570,21436,0
0,1,44,643,81854,0
0,0,28,482,81888,0
0,1,22,802,47281,0
0,0,24,309,108017,0
1,0,36,793,116005,0
1,0,46,533,104403,0
1,0,32,597,73952,0
0,0,52,543,42766,0
0,1,64,808,115273,1
0,1,54,650,41213,0
0,0,29,566,113891,0
0,1,47,500,82239,0
1,0,37,538,42537,0
1,1,54,633,22794,0
0,1,20,714,79204,1
0,1,26,783,52324,0
0,1,58,736,76764,1
0,1,56,545,50858,0
1,0,43,307,62850,0
0,0,19,451,33018,0
0,1,40,691,103017,1
0,0,40,510,70790,0
0,1,38,666,101120,0
1,0,33,385,29850,0
0,1,26,354,111237,0
0,1,30,745,65975,1
1,1,45,603,85510,1
1,0,44,431,85696,0
1,0,34,720,45832,0
0,1,55,684,116746,1
0,1,53,497,107826,0
1,0,18,346,114977,0
1,0,35,502,44886,0
1,0,26,560,117930,0
1,0,30,323,28418,0
1,0,57,639,27081,0
1,1,62,711,30114,0
0,0,32,560,38722,0
0,1,60,585,107508,0
0,1,61,812,37985,0
1,0,63,385,25888,0
1,0,21,729,89254,0
1,1,50,330,117683,0
1,0,41,739,103845,0
1,1,53,648,39299,0
1,0,58,711,76050,1
0,0,27,827,42036,0
0,0,53,609,105421,0
1,1,37,695,49346,0
0,0,58,637,46691,0
1,1,62,736,37986,0
0,0,61,664,47846,0
1,1,28,412,69665,0
1,0,29,475,61401,0
0,1,35,448,93728,0
0,1,47,477,70054,0
1,1,61,681,58487,1
1,1,54,522,29412,0
0,1,37,558,101499,0
0,1,42,488,71473,0
1,0,29,605,119159,0
0,1,38,677,86553,0
1,1,42,642,25279,0
1,1,28,455,95948,0
1,0,26,354,27712,0
1,0,42,741,35817,0
0,0,52,499,73832,0
0,1,49,702,113616,1
0,0,31,476,76224,0
0,0,18,748,26624,0
0,1,34,840,49126,0
0,1,42,600,102115,0
0,0,25,606,100667,0
1,1,22,566,57462,0
0,1,22,513,78676,0
0,1,58,782,66815,1
1,1,52,561,108911,0
0,0,36,366,46093,0
0,1,40,432,52525,0
1,0,26,839,49030,0
0,0,47,811,64067,0
0,0,33,510,25207,0
0,0,50,552,96433,0
1,1,19,337,46639,0
0,1,31,342,22792,0
0,1,63,704,20420,0
1,0,18,345,114760,0
0,0,43,753,39198,0
1,0,42,604,55608,0
1,1,33,532,66205,0
0,0,32,544,102951,0
1,1,43,594,37875,0
1,1,64,682,90511,1
0,1,61,457,111997,0
1,1,33,704,41331,0
1,0,31,300,36893,0
0,1,46,516,84913,0
0,0,41,806,38243,0
0,1,64,329,35535,0
1,0,32,819,83203,1
0,0,36,574,90597,0
1,1,25,791,87394,1
1,1,51,335,45489,0
1,1,19,610,99214,1
1,0,44,343,104886,0
1,1,27,454,33346,0
1,1,52,376,68005,0
1,0,40,737,26773,0
0,1,25,731,115001,1
0,0,45,841,95324,0
1,1,40,338,52343,0
1,0,21,538,94783,0
0,0,31,312,65963,0
1,1,59,421,61983,0
0,0,46,443,55972,0
0,1,18,754,36959,0
0,1,21,667,109343,0
1,0,49,546,54133,0
1,1,50,344,109754,0
0,0,43,674,71150,0
0,0,34,590,41734,0
0,0,56,506,108364,0
0,0,40,818,37400,0
0,0,49,541,40002,0
1,0,32,413,118329,0
0,0,30,601,56492,0
1,0,19,575,117753,0
0,1,36,395,113468,0
1,1,41,593,50875,0
1,0,62,659,45046,0
1,1,41,587,43664,0
1,1,28,453,44453,0
1,1,39,722,24746,0
1,1,32,349,109509,0
0,1,27,506,33217,0
1,1,58,512,83184,0
0,0,44,365,108898,0
1,1,26,531,61835,0
1,1,45,619,29133,0
0,1,18,436,60533,0
1,1,34,364,25404,0
0,0,48,813,53339,0
0,0,61,431,48725,0
0,0,27,633,94332,0
0,0,54,331,65380,0
1,1,46,797,68073,1
1,0,35,542,80873,0
0,0,64,491,106900,0
1,0,55,441,61341,0
1,0,56,490,21236,0
0,1,23,448,87916,0
1,0,57,715,34538,0
0,1,29,819,31971,0
0,0,31,315,119821,0
1,1,61,405,103453,0
1,1,27,582,58655,0
1,0,37,403,97022,0
0,0,32,660,80784,0
0,0,48,334,81289,0
1,0,24,412,57410,0
1,1,58,607,110982,1
1,1,27,352,71302,0
1,0,27,380,41703,0
0,0,56,668,64191,0
1,1,45,541,74112,0
0,0,47,330,31399,0
0,1,54,660,32685,0
1,0,20,532,107777,0
1,1,60,333,24487,0
1,1,32,542,32018,0
0,1,38,358,50825,0
1,1,54,828,27750,0
1,1,29,377,78956,0
0,0,21,601,70229,0
1,1,64,411,103220,0
0,0,26,712,63118,0
1,1,56,616,79615,1
0,1,59,444,99946,0
1,0,45,317,77290,0
1,0,40,650,35105,0
0,0,62,454,38913,0
0,0,57,805,69515,0
1,1,61,659,67342,1
0,0,39,631,72184,0
0,1,41,827,103247,1
0,0,43,311,80506,0
0,0,47,374,44967,0
1,1,50,511,56023,0
1,1,33,582,74288,0
0,0,39,494,46622,0
0,1,60,329,65201,0
0,1,35,308,95033,0
0,1,24,608,36350,0
1,1,43,744,74820,1
1,1,25,609,68709,1
0,1,23,725,108232,1
0,1,47,390,47470,0
0,1,56,755,50889,0
1,0,40,743,30224,0
0,1,49,378,25465,0
1,0,39,774,102418,0
0,1,59,402,117739,0
1,1,60,755,113480,1
0,1,62,613,75214,0
1,1,26,546,115373,0
0,0,48,533,22944,0
0,0,24,534,44336,0
0,1,26,686,58624,0
1,0,30,337,85206,0
0,1,20,460,64764,0
1,1,52,761,117332,1
1,0,50,748,114325,0
0,0,38,416,65420,0
0,1,48,540,109758,0
0,1,51,325,85671,0
1,0,49,597,35773,0
0,1,52,453,46447,0
1,0,32,767,24033,0
1,1,49,348,75852,0
0,1,23,345,40497,0
0,0,62,584,99714,0
0,0,38,381,92082,0
0,0,50,343,93932,0
0,1,49,572,40978,0
0,1,36,693,32882,0
1,1,50,357,36945,0
1,1,45,300,107320,0
1,0,48,515,76485,0
0,1,38,616,88850,0
1,1,51,527,79870,0
1,1,32,772,38595,0
1,0,31,783,104291,1
1,1,36,586,117847,0
1,1,60,810,84038,1
0,0,32,757,76126,1
0,1,23,394,116134,0
1,1,26,792,55449,1
1,0,54,449,38639,0
1,1,37,322,65370,0
0,1,51,514,116559,0
0,1,55,698,94628,1
1,0,43,709,91918,1
0,1,35,430,62710,0
0,1,45,447,74051,0
1,0,26,680,80639,1
0,0,49,408,23159,0
0,1,23,420,91192,0
1,1,31,594,86988,0
0,1,45,419,38706,0
0,1,41,755,29862,0
1,0,30,829,30219,0
0,1,60,468,109017,0
0,0,29,442,54536,0
1,0,36,336,91632,0
1,1,38,560,97391,0
1,1,44,530,82886,0
0,0,36,553,99996,0
1,0,41,628,53937,0
0,1,43,596,41094,0
1,0,62,309,47924,0
0,1,45,745,103325,1
1,1,63,529,20123,0
1,0,35,835,73149,0
1,0,61,377,91445,0
1,1,53,724,51854,1
0,0,59,492,80796,0
1,1,46,700,89432,1
1,1,34,408,78968,0
0,1,21,562,60834,0
1,0,61,628,37111,0
0,1,62,662,92575,0
1,1,46,677,44099,0
1,1,21,640,89206,1
1,1,27,558,70293,0
0,1,42,634,35029,0
1,1,48,384,51811,0
1,1,20,821,35793,0
1,1,64,607,68106,1
0,1,19,561,105662,0
0,1,42,751,104764,1
1,1,23,550,104131,0
0,0,43,623,20972,0
1,1,25,528,20360,0
1,1,52,596,22632,0
1,1,44,536,55958,0
1,0,42,516,100882,0
1,1,35,545,38008,0
1,0,18,747,97656,0
1,1,56,618,50283,1
0,1,20,731,70908,1
0,0,21,703,27818,0
0,1,58,336,90655,0
0,0,54,641,50579,0
0,0,32,688,75178,0
0,1,25,333,77584,0
0,1,55,338,85020,0
1,1,36,508,115373,0
1,1,64,451,20975,0
1,0,43,664,83479,0
1,0,56,498,36265,0
0,1,27,378,83518,0
0,0,55,776,24318,0
1,0,31,733,55081,0
1,1,58,331,78649,0
0,0,36,386,63069,0
1,0,47,692,98670,1
1,1,22,543,96377,0
1,0,48,531,111671,0
1,1,24,491,32427,0
0,0,36,839,60251,0
1,1,48,569,119667,0
1,0,56,376,45165,0
0,0,41,466,87285,0
0,1,51,583,118844,0
1,1,40,388,84927,0
0,1,62,843,93170,1
1,1,57,455,96150,0
1,0,23,549,44866,0
0,0,55,394,30282,0
1,0,58,316,40319,0
1,1,53,416,56726,0
1,0,44,632,35412,0
1,0,28,821,93586,1
0,1,22,379,44583,0
0,1,34,731,103577,1
1,0,24,502,81922,0
0,1,44,415,26185,0
1,0,64,519,106348,0
1,0,32,552,111368,0
1,1,63,468,76389,0
1,0,30,615,37423,0
1,1,28,671,71268,1
0,1,62,455,61644,0
1,0,43,312,56786,0
0,0,39,807,115201,0
0,0,45,764,95525,0
1,1,41,519,103744,0
1,0,46,314,108590,0
1,1,26,416,50477,0
1,1,59,630,115910,1
1,0,21,355,23571,0
0,1,63,650,39576,0
1,0,35,431,82703,0
1,0,60,525,29680,0
0,0,33,607,45706,0
0,0,50,774,99854,1
1,0,46,521,106195,0
0,0,56,472,84527,0
1,0,27,639,90565,0
0,1,26,805,68436,1
0,0,48,456,22774,0
1,1,45,450,36972,0
0,1,20,477,34048,0
0,1,31,832,118908,1
0,0,42,411,100225,0
0,1,32,437,102273,0
0,1,19,532,101550,0
0,0,41,631,107354,0
1,0,31,841,118737,1
1,1,24,606,96680,1
0,0,53,460,116537,0
1,0,41,701,77602,0
1,0,44,577,86403,0
1,0,54,619,47182,0
0,1,55,832,99876,1
1,0,47,796,97373,1
0,0,44,662,67059,0
1,0,56,671,28787,0
0,1,32,335,20393,0
0,1,43,602,81775,0
1,0,18,737,79454,0
1,0,21,331,32056,0
0,1,46,485,81483,0
1,0,18,473,64957,0
1,0,60,549,48429,0
1,1,63,578,65909,0
0,0,39,301,72906,0
0,0,28,493,117435,0
1,1,27,465,117757,0
1,1,34,409,106290,0
1,0,53,679,64389,1
0,1,64,584,40905,0
0,0,43,720,109619,0
1,0,38,412,73730,0
1,0,30,527,77557,0
1,1,26,770,115157,1
1,1,28,827,106113,1
1,0,28,795,86199,1
1,0,23,330,67301,0
0,1,18,461,104752,0
1,1,23,677,67259,1
0,1,30,745,94801,1
1,0,39,726,24574,0
1,1,48,803,108291,1
0,1,39,826,76776,1
0,0,54,831,116777,0
0,0,64,819,108212,1
0,0,44,333,107097,0
1,1,31,789,44737,0
0,0,64,722,43390,0
1,0,22,767,111612,1
0,0,53,323,72330,0
1,0,49,515,91082,0
1,1,51,354,73642,0
1,0,24,325,41280,0
1,1,59,580,118489,0
1,1,27,626,41037,0
1,1,34,485,60576,0
0,0,47,794,48564,0
1,1,38,311,119133,0
0,0,30,733,105439,0
0,0,18,507,116342,0
1,0,18,432,109928,0
0,1,64,638,48087,0
1,0,50,495,107829,0
0,0,55,561,96213,0
1,0,42,581,32803,0
0,1,43,668,66002,0
1,1,30,402,86761,0
1,1,45,482,91310,0
1,0,50,722,98579,0
1,1,54,308,36163,0
0,0,58,543,88380,0
1,0,47,692,92883,0
0,1,25,826,71885,1
0,0,64,336,106340,0
0,1,18,477,56764,0
1,0,29,371,112782,0
0,1,22,651,82126,0
0,0,41,448,87224,0
0,0,23,404,67055,0
1,0,42,520,71599,0
1,0,18,673,102787,1
0,0,42,817,98040,1
1,1,18,559,59720,0
1,0,49,598,113120,0
0,1,59,341,64484,0
0,1,59,791,58852,0
1,1,20,738,33219,0
0,0,36,346,110351,0
1,0,60,384,68865,0
1,0,46,357,74457,0
1,1,19,508,110159,0
1,0,26,547,56817,0
1,0,34,510,88993,0
1,1,63,338,113391,0
0,1,53,551,72380,0
0,1,34,712,70400,1
1,1,29,745,56258,1
1,1,37,351,101006,0
1,1,20,673,68957,1
0,0,60,825,38281,0
1,1,21,455,97264,0
0,0,34,841,71331,0
1,0,54,389,65680,0
1,0,63,650,58723,0
0,1,59,368,30162,0
0,0,32,462,114808,0
1,1,50,541,71095,0
1,1,33,794,31338,0
1,0,28,682,107832,0
0,1,37,351,31675,0
0,0,55,362,109606,0
0,0,41,808,40080,0
0,1,33,591,33936,0
0,0,47,390,30019,0
0,0,51,723,87282,0
1,0,18,664,69681,0
1,1,41,449,108304,0
0,0,41,570,93861,0
1,1,26,415,24486,0
1,1,39,815,102021,1
0,0,29,540,99864,0
1,0,34,329,39112,0
0,1,42,442,71697,0
0,1,45,625,75998,0
1,0,32,315,117816,0
0,0,47,410,46576,0
0,1,44,406,70100,0
0,1,39,678,101238,0
0,1,27,461,41320,0
0,1,48,582,103973,0
0,1,44,568,85729,0
0,0,29,783,110853,1
0,1,63,372,114018,0
1,1,48,496,104879,0
1,0,49,542,49144,0
1,0,49,558,77326,0
0,1,58,448,97148,0
0,1,62,689,39307,0
1,0,52,715,80598,1
1,1,63,725,39623,0
1,1,38,516,40249,0
0,0,27,385,93765,0
1,1,33,515,111810,0
1,0,24,722,92131,1
0,0,21,619,114138,0
1,0,44,417,58377,0
0,0,42,714,72365,0
0,1,48,339,54551,0
0,0,28,460,62926,0
1,1,37,836,110214,1
1,1,53,719,107750,1
0,1,34,394,58599,0
1,1,62,741,118345,1
1,1,28,765,113330,1
1,0,47,587,42593,0
1,0,52,711,80334,1
0,0,58,699,114400,0
1,0,55,827,79893,0
0,1,39,317,62636,0
0,0,60,435,89225,0
1,1,44,763,60363,1
0,1,54,547,75959,0
1,0,63,300,100223,0
1,0,52,680,105917,0
0,0,21,808,118629,1
0,0,33,759,109125,0
0,1,33,804,21120,0
0,1,38,775,36491,0
1,0,43,331,63638,0
1,1,53,417,59062,0
1,1,36,483,25193,0
0,1,34,490,109144,0
0,0,62,373,35213,0
0,1,43,402,99766,0
1,0,39,719,103959,1
0,0,45,772,37187,0
1,1,18,413,30040,0
0,1,61,678,86302,0
1,0,53,612,49949,0
1,1,60,629,23527,0
0,1,54,638,96557,0
0,0,19,537,103408,0
1,0,34,472,97294,0
1,0,57,378,38757,0
0,0,55,763,45412,0
0,1,38,800,34312,0
1,1,26,584,42119,0
0,0,30,522,31804,0
1,0,28,565,73986,0
1,0,33,672,66545,1
0,1,33,532,96519,0
0,0,19,535,49999,0
0,1,59,613,116093,0
0,0,61,679,59758,0
0,0,25,719,114324,0
1,0,60,351,117486,0
1,1,59,808,89519,1
0,1,30,504,23768,0
0,1,34,556,21504,0
0,0,56,484,87986,0
1,1,41,444,96772,0
0,1,20,313,28002,0
0,0,47,545,95427,0
1,0,30,486,58787,0
1,1,36,636,33898,0
0,1,24,558,30472,0
0,1,26,339,100800,0
0,1,36,717,103227,1
1,0,62,650,52632,0
0,0,57,308,53743,0
0,0,39,649,98538,0
0,1,35,383,63386,0
1,1,40,832,113786,1
1,0,19,657,63388,0
0,0,28,677,41323,0
0,1,48,471,89269,0
1,1,50,324,61319,0
1,0,31,692,87759,1
1,0,33,402,36868,0
1,0,28,535,119732,0
1,1,50,709,22080,0
1,1,24,848,33776,0
1,1,48,631,86231,1
1,1,63,831,75452,1
1,1,64,328,73812,0
0,1,31,842,83271,1
0,0,45,318,118505,0
0,0,60,447,97585,0
1,1,33,770,78542,1
0,0,36,790,35628,0
1,1,34,582,28265,0
1,0,43,412,44671,0
0,1,23,754,32460,0
1,0,60,629,23477,0
0,0,26,554,22202,0
0,1,34,698,109410,1
0,1,48,807,31850,0
1,0,29,765,40809,0
0,0,40,706,90886,0
1,1,22,397,22806,0
0,0,60,589,27163,0
0,1,53,455,114368,0
0,1,53,461,20185,0
1,0,20,396,44718,0
1,1,41,676,97081,1
1,0,34,749,76202,0
0,0,56,416,45215,0
0,1,43,805,48325,0
1,0,21,488,38458,0
1,1,62,775,36006,0
1,1,29,622,114080,1
1,1,18,479,52969,0
1,0,38,480,96820,0
1,1,36,586,47655,0
0,0,38,774,114679,1
1,1,35,561,101234,0
0,1,60,822,29102,0
0,1,20,461,87107,0
1,0,61,786,41553,0
1,0,49,480,104079,0
0,1,27,768,114437,1
1,1,57,320,99570,0
1,0,32,574,112656,0
0,0,22,559,86865,0
0,0,21,632,61420,0
0,1,45,765,45382,0
1,0,21,415,89235,0
0,1,32,712,58795,0
1,0,34,836,71425,0
0,1,61,556,77402,0
0,1,20,467,82539,0
0,1,27,832,96203,1
1,0,64,314,43459,0
1,0,59,349,69649,0
0,0,40,603,92495,0
0,1,35,786,115117,1
0,1,18,715,66384,1
1,0,52,604,91746,0
0,1,48,495,98053,0
1,1,61,687,76278,1
0,1,18,754,98156,1
0,0,20,609,56744,0
0,1,20,426,108340,0
0,0,54,474,50568,0
0,0,36,433,37991,0
0,0,46,365,28912,0
1,0,42,692,52527,0
0,0,50,664,116399,0
1,1,53,578,70426,0
0,0,46,662,118994,0
0,0,43,470,40407,0
1,0,21,350,32344,0
0,1,31,627,22355,0
1,1,44,444,116429,0
1,1,50,573,74733,0
0,1,39,454,86285,0
1,0,20,807,104971,0
1,0,40,662,65733,1
0,1,38,624,76915,0
1,1,58,597,72716,0
0,1,40,793,58526,0
0,1,21,845,38088,0
0,0,38,603,85377,0
0,1,54,766,64405,0
1,1,60,538,58842,0
0,1,48,816,81788,1
0,1,38,475,71529,0
1,1,43,709,109939,1
0,1,58,663,72383,0
0,1,52,322,59177,0
1,0,55,617,59056,0
1,0,41,824,108249,0
1,0,28,575,86421,0
1,0,58,528,53632,0
1,0,46,407,59685,0
1,0,64,475,97222,0
1,1,20,619,88590,1
0,1,18,585,28977,0
1,0,36,628,110568,0
1,1,63,655,68967,1
1,0,39,313,94072,0
0,1,31,574,35070,0
0,1,31,370,102473,0
1,1,61,494,41500,0
1,1,33,822,30011,0
1,1,50,405,68039,0
0,1,30,495,28896,0
0,0,55,444,115335,0
1,0,29,649,100118,0
0,1,55,723,59958,0
1,0,56,770,61912,1
0,1,50,515,20814,0
0,0,50,392,95276,0
1,1,46,559,44719,0
1,0,22,840,40150,0
1,1,23,584,90494,0
1,0,48,783,23825,0
0,1,33,671,70368,0
0,0,48,369,34800,0
0,1,42,678,95535,0
1,1,63,578,106390,0
0,1,50,601,112851,0
1,0,30,554,95017,0
0,0,27,563,68505,0
1,0,41,723,77899,0
1,1,27,512,102782,0
0,0,58,399,42601,0
1,1,48,411,30677,0
1,0,30,607,49552,0
0,0,20,774,107858,0
1,0,51,847,87891,1
1,0,45,411,94693,0
1,1,36,386,111450,0
0,0,40,482,53292,0
0,0,62,464,86097,0
1,1,49,389,93703,0
0,1,30,754,36184,0
1,0,50,537,110033,0
1,0,51,833,109336,0
1,1,50,357,81046,0
1,1,22,841,86741,1
1,1,20,701,81377,1
0,0,24,818,32039,0
1,0,41,496,65161,0
0,0,39,345,55006,0
0,1,62,829,37544,0
1,1,40,696,32987,0
1,1,47,373,25239,0
0,0,35,715,64785,0
0,1,49,634,43358,0
0,0,24,595,102674,0
1,1,50,383,76450,0
0,0,22,314,108520,0
1,0,45,433,48428,0
1,1,25,777,29096,0
1,0,32,618,67582,0
0,1,21,691,44536,0
1,0,51,778,77395,1
1,1,22,667,88157,1
1,1,50,666,89484,1
1,0,22,587,21287,0
1,1,55,677,74510,1
0,0,51,762,43902,0
1,1,43,312,76188,0
1,1,18,835,41164,0
0,1,21,467,101204,0
1,1,56,569,21772,0
0,0,43,369,73054,0
1,1,50,617,74878,1
0,1,50,675,52238,0
0,0,25,388,78293,0
1,0,37,556,101298,0
1,0,33,516,27213,0
1,0,38,749,34941,0
0,0,62,843,115881,0
0,0,43,440,35964,0
0,1,40,460,46855,0
1,0,35,331,78769,0
0,1,48,451,103504,0
0,0,59,559,21046,0
1,1,29,578,34909,0
0,1,18,584,99114,0
0,1,59,841,43368,0
1,0,26,447,114135,0
0,0,20,366,91255,0
1,0,43,578,101496,0
1,0,26,742,109142,0
1,1,59,698,35624,0
1,0,33,427,30352,0
1,1,41,636,116421,1
0,1,31,781,100539,1
0,0,20,485,29223,0
1,0,51,468,116969,0
1,0,50,559,98254,0
0,1,41,806,86851,1
1,0,26,820,70044,0
1,1,30,770,107089,1
1,0,19,460,110218,0
0,1,24,588,105000,0
0,0,38,639,51419,0
1,0,36,801,33767,0
1,1,42,405,92002,0
0,0,64,774,51028,0
0,0,39,762,67953,0
1,0,28,782,77965,1
1,0,50,452,89776,0
0,0,49,448,51459,0
0,0,38,487,110932,0
0,0,56,430,102331,0
1,1,37,751,44689,0
0,1,25,815,100446,1
1,0,59,790,87982,0
0,0,54,775,23346,0
0,0,26,562,65179,0
0,1,42,837,60517,0
0,1,42,758,89678,1
1,0,50,835,101606,1
1,1,19,594,92623,0
0,0,36,734,109288,0
1,0,63,574,101171,0
0,0,37,607,78916,0
0,0,59,675,107754,0
0,1,58,457,117409,0
0,1,59,503,68575,0
1,0,46,374,65039,0
0,1,23,679,69955,0
0,1,34,603,100260,0
1,0,42,361,75871,0
0,1,55,407,80678,0
0,0,21,486,51351,0
0,0,47,528,80693,0
1,0,37,347,51433,0
0,0,20,567,94797,0
1,1,40,553,99015,0
0,0,35,386,35804,0
0,1,43,480,112781,0
1,0,53,324,65101,0
0,0,25,687,80115,0
0,1,34,521,98363,0
1,0,48,696,64700,0
1,1,54,810,97576,1
1,1,62,739,39477,0
1,0,50,474,36127,0
1,0,44,610,106718,0
0,0,62,573,46049,0
1,0,21,334,110063,0
0,0,39,516,32473,0
0,0,43,707,102245,0
0,1,49,818,119510,1
1,1,41,568,81836,0
1,0,63,774,62464,0
0,1,52,624,33714,0
1,1,54,655,80878,1
1,0,49,389,54208,0
1,0,24,341,117481,0
1,1,50,664,107104,1
0,0,48,501,94683,0
0,1,29,665,101803,0
1,0,28,587,61514,0
0,1,41,780,116988,1
1,1,25,800,25136,0
1,1,49,351,118115,0
0,1,55,402,51516,0
0,0,39,660,96982,0
0,0,51,723,83878,0
1,1,36,504,65099,0
0,1,37,313,110060,0
1,0,31,769,33188,0
0,0,50,765,71188,0
0,1,27,603,25560,0
1,1,33,726,56397,1
1,1,21,409,97193,0
1,1,44,814,58082,1
1,1,45,367,104376,0
1,0,60,545,61430,0
1,1,33,688,70522,1
1,0,50,607,60397,0
1,0,36,651,96860,0
0,0,38,365,45247,0
1,1,39,759,103094,1
1,0,26,646,39943,0
0,0,26,624,59460,0
1,0,26,332,61986,0
0,0,44,367,64514,0
0,1,34,486,100908,0
1,1,61,491,72385,0
0,0,62,512,32631,0
1,0,25,727,87008,1
0,1,33,650,46955,0
0,1,35,407,67367,0
0,1,50,539,50802,0
1,0,18,515,90408,0
1,1,29,476,113083,0
0,0,23,629,63341,0
0,0,58,749,33691,0
1,1,22,746,24753,0
1,0,33,836,21833,0
0,1,35,478,28645,0
0,0,35,694,115977,0
1,1,18,444,60024,0
1,0,36,497,100598,0
1,0,25,383,29635,0
1,1,20,384,40064,0
1,1,42,756,29940,0
0,1,22,775,55169,0
1,1,57,552,98647,0
0,0,36,371,65200,0
1,1,35,522,76329,0
0,1,48,575,71158,0
1,0,50,545,49739,0
1,1,64,640,37793,0
0,1,35,770,103682,1
0,0,56,753,53677,0
1,1,33,306,86296,0
1,1,33,487,43022,0
1,1,64,303,91148,0
1,1,55,424,47265,0
1,1,58,314,20530,0
0,1,24,824,29551,0
0,0,31,539,48394,0
1,1,60,659,62987,1
0,0,42,817,68984,0
0,0,49,619,88096,0
0,0,55,530,104097,0
1,0,39,329,90639,0
0,1,33,833,44090,0
1,1,46,455,103457,0
0,1,33,698,22781,0
1,0,29,645,37330,0
0,1,34,494,25257,0
1,1,54,467,78642,0
1,1,44,676,74249,1
0,0,42,788,71663,0
1,0,30,661,54956,0
1,1,25,781,35615,0
1,0,22,543,20881,0
1,0,29,470,21847,0
1,1,58,812,71127,1
1,0,20,705,107646,1
1,0,52,506,57336,0
1,1,50,453,101850,0
0,0,39,347,115654,0
0,0,61,300,59931,0
1,0,26,706,63924,1
1,0,58,406,42966,0
0,0,35,472,64023,0
0,0,46,805,31320,0
0,0,56,429,77841,0
1,0,44,697,85125,0
0,1,53,593,87752,0
1,1,62,746,111100,1
1,1,34,315,109937,0
0,1,51,648,81858,0
1,0,63,502,78714,0
1,1,20,433,31780,0
1,1,22,825,96230,1
1,0,31,807,90345,0
0,0,20,365,102098,0
0,0,40,779,117977,1
1,0,56,758,21929,0
1,0,47,641,115153,0
0,1,62,458,34244,0
1,0,40,460,118415,0
0,1,44,553,31116,0
1,1,27,826,107954,1
1,0,42,848,101243,0
0,1,30,454,103301,0
0,1,33,785,55895,0
0,0,58,731,98636,0
0,1,51,326,43867,0
1,1,54,311,21208,0
0,1,39,366,64085,0
1,0,34,841,85572,0
0,0,40,395,85234,0
0,0,53,514,103748,0
1,1,26,493,31252,0
0,0,19,589,105261,0
0,1,49,843,27006,0
0,0,39,338,109595,0
0,1,60,505,90883,0
1,0,30,783,52171,0
1,0,25,636,48517,0
0,1,18,795,44274,0
0,0,34,548,53577,0
0,1,29,373,47648,0
1,0,21,672,89654,1
1,0,30,437,37910,0
1,1,48,756,98619,1
1,1,58,743,69647,1
0,1,24,652,98723,0
0,0,40,710,20424,0
0,1,41,837,71899,1
1,0,22,752,46641,0
0,1,22,718,54750,0
1,1,34,749,101454,1
1,1,47,414,43154,0
0,1,26,350,68166,0
0,1,23,668,31992,0
0,1,42,814,54001,0
1,0,36,509,34546,0
1,1,33,734,61524,1
0,0,38,526,88555,0
0,1,19,567,21304,0
1,1,27,415,69284,0
0,1,33,659,102368,0
1,0,54,628,108327,0
1,0,32,339,30022,0
0,1,30,481,95886,0
0,0,30,789,97354,1
0,1,49,508,53617,0
0,1,62,572,89498,0
1,0,64,418,78824,0
1,0,63,681,90390,1
1,0,25,835,54307,0
0,0,60,557,88480,0
1,1,35,782,42327,0
0,0,53,808,23244,0
0,0,43,391,42720,0
0,1,27,460,45090,0
0,0,48,448,84277,0
0,0,50,416,119895,0
0,0,46,757,68536,0
1,0,22,344,27855,0
0,1,30,533,21601,0
1,1,18,674,51952,1
1,0,40,846,70374,1
0,0,57,496,25690,0
0,1,20,324,32521,0
0,0,20,694,96019,0
1,0,24,335,28058,0
0,0,53,773,33704,0
1,0,52,522,78933,0
0,0,32,829,91101,0
0,0,57,487,63856,0
1,0,20,701,57256,0
1,0,46,556,77352,0
0,0,47,435,50615,0
1,1,56,743,21927,0
1,1,35,717,35512,0
1,1,28,591,28301,0
1,0,60,428,106849,0
1,0,55,640,93993,0
0,1,57,556,91028,0
0,0,18,399,88759,0
1,1,46,338,108047,0
0,0,27,562,106991,0
0,1,45,449,83058,0
1,1,48,629,119258,1
0,1,36,419,84926,0
1,0,20,518,43434,0
1,1,53,422,50341,0
0,0,60,543,35007,0
1,0,32,817,119878,0
1,0,50,320,46799,0
1,0,58,489,75820,0
1,0,60,524,35674,0
1,0,62,765,35426,0
0,0,43,398,92631,0
0,1,33,662,64791,0
1,1,53,382,109640,0
1,1,50,355,23255,0
0,0,37,321,53826,0
1,0,30,484,108568,0
0,0,50,821,24944,0
1,0,22,563,57826,0
1,1,54,524,50497,0
1,0,31,337,47723,0
1,1,44,422,55287,0
1,0,40,455,31845,0
1,1,31,600,109833,0
1,0,57,366,88106,0
0,1,21,693,113039,1
0,0,56,704,92986,0
0,1,36,748,105807,1
1,0,64,430,75569,0
1,1,21,368,101434,0
1,1,47,644,99925,1
1,0,36,619,45463,0
1,1,48,476,20744,0
1,0,48,828,108340,0
1,0,26,459,56282,0
0,0,30,832,72082,0
1,1,31,434,74689,0
0,1,63,410,96407,0
0,0,27,582,99072,0
1,0,48,819,108633,1
1,1,54,493,84766,0
0,1,40,346,85711,0
0,1,44,641,23217,0
1,0,23,541,100642,0
1,0,43,821,50359,0
0,0,19,669,73509,0
1,0,62,430,81970,0
1,0,30,569,42357,0
1,1,36,360,62354,0
0,0,18,463,58570,0
0,1,57,824,27034,0
0,1,49,571,36263,0
1,0,39,432,62180,0
1,1,46,543,70099,0
0,0,19,733,94312,0
0,1,57,337,95348,0
0,0,55,618,105275,0
1,0,28,809,46925,0
0,1,34,675,39575,0
0,0,60,773,42231,0
1,1,25,358,96935,0
1,0,39,798,67731,0
1,0,21,517,43100,0
0,0,28,428,30768,0
1,1,25,682,118835,1
1,1,26,687,79337,1
0,0,43,384,70697,0
1,1,19,809,31357,0
0,0,33,736,86973,0
0,1,48,592,44946,0
1,1,23,348,106424,0
1,0,38,366,91038,0
1,0,43,428,75149,0
1,0,36,328,25566,0
1,0,45,642,61576,0
1,0,25,844,73318,1
0,1,31,418,89550,0
0,1,41,432,71408,0
1,0,61,626,73506,0
0,0,54,484,99149,0
1,0,43,805,60167,0
0,1,48,833,53699,0
0,0,49,540,69545,0
0,0,58,815,72429,0
1,1,19,464,107350,0
0,1,42,517,43386,0
1,1,61,304,79273,0
0,1,19,380,61585,0
0,0,59,546,27509,0
0,1,18,792,107852,1
0,1,53,685,96607,1
0,0,29,606,113278,0
1,0,26,842,98764,1
1,0,53,306,97150,0
0,1,58,814,95837,1
0,0,45,372,83305,0
0,1,55,309,62851,0
0,1,50,421,96910,0
1,1,59,812,54407,1
0,0,63,740,66606,0
1,1,39,337,99518,0
0,0,42,644,116794,0
1,0,35,637,65652,0
0,0,23,483,30248,0
0,1,35,366,30515,0
1,1,33,316,112345,0
0,1,32,682,30830,0
0,0,25,667,80631,0
0,1,30,615,26799,0
1,1,60,796,94083,1
0,1,24,644,117098,0
0,1,34,772,34328,0
1,1,49,414,32679,0
1,0,39,399,41058,0
1,0,30,737,117773,0
0,0,64,644,66696,0
0,0,40,648,105442,0
0,1,46,438,58872,0
1,0,39,623,74971,0
0,1,18,601,102083,0
0,0,46,593,43306,0
1,0,22,828,48210,0
1,0,52,591,65693,0
1,1,27,373,48239,0
1,1,36,783,113366,1
1,0,54,315,88917,0
0,1,24,825,114377,1
1,0,63,635,27447,0
0,0,52,815,105904,1
0,0,62,426,40271,0
1,1,30,817,85875,1
1,0,27,428,105510,0
1,0,19,810,112045,1
0,0,23,722,76843,0
1,1,25,684,46221,0
1,0,53,531,84388,0
1,1,42,494,112799,0
1,0,61,364,76467,0
1,1,64,576,93269,0
0,0,57,523,90585,0
0,0,24,577,63086,0
0,1,63,665,106624,0
1,1,40,815,101144,1
1,0,36,514,20638,0
1,1,63,738,93245,1
0,0,39,727,90679,0
1,0,30,695,82934,0
1,0,38,508,86760,0
1,1,18,800,67234,1
0,0,36,762,81049,1
1,1,50,526,83843,0
0,0,21,674,68047,0
1,1,59,799,29741,0
0,1,20,392,83004,0
0,0,44,759,81489,0
0,1,58,620,42991,0
1,0,52,309,46081,0
1,0,45,602,77304,0
0,0,23,621,35642,0
0,0,23,755,95103,1
1,0,61,577,37399,0
1,1,40,837,53103,1
0,0,50,692,35330,0
1,1,33,394,36464,0
1,1,41,406,22134,0
1,0,22,689,69409,0
1,1,58,825,115198,1
0,0,59,370,20184,0
1,1,30,675,115923,1
1,1,64,667,69274,1
0,1,29,350,92799,0
0,0,22,442,75810,0
1,1,54,718,98727,1
1,0,48,847,89050,0
1,1,45,799,52734,1
1,1,45,466,91613,0
0,1,47,559,70546,0
0,1,35,491,55120,0
0,0,61,501,68484,0
1,0,44,484,80563,0
1,1,52,457,95036,0
1,1,43,398,100528,0
1,0,56,540,75113,0
0,0,35,790,73096,0
0,0,50,501,30133,0
1,0,42,808,26405,0
0,1,48,395,50269,0
1,1,54,789,102410,1
1,0,19,517,116993,0
0,0,50,826,37085,0
1,0,56,572,55702,0
1,0,60,518,99883,0
0,0,60,631,33502,0
1,0,49,752,66479,0
1,1,35,451,99384,0
0,1,34,646,107957,0
1,1,51,713,34426,0
0,0,56,826,90231,1
1,0,24,730,35860,0
0,0,59,678,66865,0
0,1,52,727,67404,1
0,0,47,383,111246,0
1,0,29,491,77423,0
0,1,52,340,110947,0
0,0,28,608,94379,0
0,1,61,677,51152,0
0,1,21,435,101109,0
0,0,42,405,50737,0
1,1,49,818,74325,1
1,0,37,841,58767,0
1,1,48,425,113792,0
1,0,21,656,61705,0
1,1,55,699,22002,0
1,0,64,378,102159,0
1,1,18,688,80237,1
0,1,20,834,75713,1
1,1,54,373,61815,0
0,0,39,304,84997,0
0,0,34,762,80859,0
1,1,31,381,83236,0
0,0,58,836,107787,1
0,1,52,704,98243,1
0,0,30,813,109653,1
0,1,52,577,42743,0
1,0,60,523,76739,0
1,1,19,367,96326,0
1,1,64,619,118156,1
1,1,30,318,101132,0
1,1,33,642,50339,1
1,0,35,642,54121,0
1,1,24,396,62995,0
1,0,62,351,72032,0
1,0,53,474,69831,0
1,1,58,637,61446,1
0,0,47,652,65678,0
1,0,59,690,40698,0
0,0,58,414,100252,0
0,1,24,647,116342,0
0,0,32,300,103404,0
0,0,57,362,67918,0
1,1,36,525,116666,0
0,1,60,722,77235,1
1,0,54,318,26125,0
1,1,19,330,67511,0
0,0,59,323,49046,0
1,0,30,510,108296,0
0,0,57,460,30114,0
0,1,58,554,20637,0
1,0,60,413,58634,0
1,1,60,803,108713,1
0,1,48,519,55776,0
1,0,33,656,43600,0
1,1,59,468,101787,0
1,1,61,823,46809,0
0,1,23,541,43756,0
0,1,45,674,79469,0
1,1,49,438,58368,0
1,0,61,396,97185,0
1,1,27,446,96902,0
1,0,35,481,31880,0
1,0,21,356,103319,0
0,0,26,341,77155,0
1,0,24,842,107762,1
0,0,25,301,85316,0
1,0,60,587,90856,0
0,1,24,437,28727,0
1,1,58,811,97260,1
0,1,57,521,59211,0
1,0,20,630,105469,0
0,1,34,703,98930,1
0,1,19,807,61417,0
0,1,32,426,104658,0
0,0,63,564,82827,0
0,1,46,314,51437,0
0,0,39,525,40519,0
1,1,21,404,27983,0
0,0,23,792,64656,0
1,0,55,618,25635,0
1,0,43,518,39622,0
1,1,28,576,94975,0
1,1,43,640,113445,1
1,0,34,751,80666,1
0,1,41,668,76005,0
0,0,45,773,118429,0
0,0,52,489,31403,0
1,1,48,718,80477,1
0,1,30,794,119610,1
0,1,52,338,85035,0
0,0,33,461,52903,0
0,0,32,420,112489,0
0,1,60,698,27311,0
1,0,35,561,70611,0
0,1,64,428,117561,0
1,0,54,839,40615,0
1,1,58,655,76808,1
1,1,44,731,53580,1
1,0,52,364,77052,0
1,1,62,517,111856,0
0,1,52,726,62898,0
0,0,45,373,43952,0
0,1,56,759,102790,1
1,0,55,724,35227,0
0,1,26,491,33760,0
0,0,29,488,28826,0
1,1,32,311,99475,0
1,1,38,538,118972,0
1,1,52,752,103213,1
1,1,59,682,80432,1
0,0,50,347,93996,0
1,0,36,616,78204,0
1,0,40,508,28673,0
0,0,30,846,113402,0
0,0,61,418,56158,0
1,0,18,614,94989,0
0,0,46,335,35904,0
1,1,41,762,35396,0
1,1,33,702,113906,1
0,1,42,406,107469,0
0,1,40,338,74039,0
1,0,45,479,115885,0
1,0,64,311,24334,0
1,0,33,638,116996,0
0,1,60,847,47268,0
1,0,55,425,84636,0
1,1,28,362,42068,0
1,0,20,381,48247,0
1,0,32,598,85121,0
1,0,18,333,108670,0
0,0,24,348,36285,0
1,1,18,356,106903,0
1,1,49,408,44136,0
1,0,26,816,80378,0
1,1,46,323,57787,0
0,0,43,520,44425,0
0,0,40,614,115001,0
0,0,62,593,38961,0
1,0,60,309,53443,0
1,1,46,780,38823,0
0,0,55,566,95409,0
0,0,50,387,91123,0
0,1,24,754,45852,0
1,0,29,832,57535,0
1,1,48,447,27004,0
0,0,49,730,47823,0
0,0,37,541,74086,0
0,0,34,365,27131,0
1,0,53,677,103232,0
1,0,20,687,45649,0
1,0,18,508,24099,0
0,1,44,714,70806,1
0,0,64,315,51571,0
1,1,57,596,50580,0
0,1,50,519,114200,0
1,0,37,666,101118,1
0,1,31,528,46469,0
0,0,53,739,85179,0
0,1,22,831,107938,1
0,0,40,749,44236,0
1,1,62,335,45110,0
0,1,32,721,43430,0
1,0,23,488,64407,0
1,1,50,477,57948,0
1,0,36,614,103299,0
0,0,30,319,102565,0
1,0,46,681,77367,1
1,0,23,442,58180,0
1,0,32,361,24652,0
0,1,33,541,92370,0
0,1,41,537,108023,0
1,1,40,430,27084,0
0,0,27,422,65630,0
1,1,58,739,73276,1
1,1,58,641,100228,1
0,1,34,718,22655,0
1,1,61,754,77752,1
0,1,62,497,119618,0
0,0,47,581,67670,0
1,0,61,300,25272,0
0,1,63,631,20218,0
0,0,27,511,116428,0
1,0,36,386,57471,0
1,1,46,360,68762,0
0,1,19,394,41515,0
0,0,53,446,54307,0
1,1,36,545,98681,0
0,0,24,596,37986,0
0,0,43,422,104624,0
0,1,32,755,90600,1
0,0,64,698,74888,0
0,0,55,530,107732,0
0,0,20,833,31603,0
0,1,55,701,88024,1
1,1,33,429,110728,0
1,1,19,591,48897,0
1,1,48,575,38802,0
1,0,45,675,36411,0
1,1,24,354,80399,0
0,1,47,325,115202,0
0,1,60,740,80692,1
0,1,24,496,77676,0
0,0,53,542,32770,0
1,0,46,489,93513,0
0,0,41,575,57429,0
0,1,56,708,117567,1
1,1,21,639,79429,1
0,0,46,452,90085,0
0,1,61,697,40337,0
1,1,22,743,112901,1
0,0,46,726,106181,0
0,0,47,786,44507,0
0,1,46,503,79596,0
0,1,43,411,90509,0
0,1,36,624,28436,0
1,0,43,557,30086,0
1,0,54,827,103276,1
1,0,44,649,111054,0
1,0,47,734,39851,0
1,1,47,725,59732,1
1,0,20,579,34842,0
0,0,60,670,115490,0
1,1,24,548,21745,0
1,1,26,480,32697,0
0,1,58,377,112469,0
0,0,59,635,23879,0
1,1,30,349,105697,0
0,1,32,384,38499,0
1,0,22,303,108177,0
0,0,46,616,55035,0
1,1,52,410,38651,0
0,0,44,633,95224,0
0,1,44,432,96524,0
1,1,25,418,109006,0
1,0,49,649,57249,0
1,1,37,841,43849,0
1,0,27,354,119233,0
1,0,30,660,93309,0
0,0,46,752,49076,0
1,1,52,629,90123,1
1,0,25,518,53124,0
0,0,46,507,35787,0
0,1,48,384,73462,0
1,1,58,544,105984,0
0,1,47,634,91035,0
0,1,39,511,23841,0
1,0,38,482,64890,0
0,0,29,432,45402,0
0,0,28,649,108591,0
1,1,19,581,86201,0
1,1,58,592,117807,0
0,0,19,568,43237,0
0,1,51,496,62988,0
1,1,20,836,113803,1
0,0,33,319,96310,0
0,0,21,704,20553,0
0,1,40,414,33860,0
1,1,37,325,110439,0
0,1,42,694,27045,0
0,0,47,680,94916,0
1,0,35,822,76435,1
0,0,59,838,118453,0
0,0,28,382,52261,0
1,0,46,849,98879,1
1,1,34,744,22853,0
1,1,43,386,95664,0
1,1,40,686,68022,1
0,0,37,697,22736,0
0,0,62,585,53724,0
1,0,19,668,31440,0
1,1,41,721,90716,1
0,0,48,742,50284,0
1,0,44,819,31646,0
0,1,19,587,104565,0
1,0,31,394,105694,0
0,1,21,340,34342,0
1,0,30,630,85620,0
1,0,53,454,84261,0
0,1,52,803,21935,0
1,1,61,574,116002,0
0,1,25,478,62376,0
0,1,19,436,94798,0
0,1,23,479,97140,0
0,1,48,481,62481,0
0,0,27,558,108669,0
1,0,61,542,114203,0
1,1,38,395,75721,0
0,0,59,496,119039,0
1,1,27,825,22838,0
0,0,40,686,55330,0
1,1,20,707,98976,1
1,0,49,568,119576,0
1,0,37,470,56994,0
1,0,27,469,111875,0
0,0,46,458,50384,0
0,0,58,808,65378,0
1,1,63,746,52643,1
1,1,51,381,36926,0
0,1,54,356,58977,0
1,0,37,818,43652,0
0,1,25,411,83295,0
0,0,24,347,30270,0
0,0,23,675,102804,0
1,0,28,332,81630,0
0,1,61,803,56417,0
1,0,35,302,66894,0
0,1,59,785,76042,1
1,1,46,815,83253,1
1,0,42,341,68841,0
1,0,38,308,72723,0
0,1,63,441,40317,0
0,1,20,735,75008,1
1,1,35,326,56434,0
1,1,41,342,66125,0
1,1,64,430,100984,0
0,1,55,515,95449,0
0,0,27,819,94102,1
0,1,44,644,117980,0
0,1,29,807,101141,1
1,1,24,712,20557,0
1,1,34,545,64383,0
0,0,18,748,26040,0
0,0,43,320,66652,0
1,1,32,707,119432,1
0,1,50,756,80941,1
0,1,54,743,107340,1
0,0,64,564,94828,0
0,0,48,483,46110,0
0,0,52,526,25349,0
0,0,18,847,50374,0
1,0,25,545,104545,0
0,0,29,372,62591,0
0,1,36,449,20057,0
1,0,42,812,94039,0
1,0,49,368,113829,0
1,1,29,529,84578,0
0,0,30,371,39121,0
1,1,45,696,25493,0
0,0,18,383,87818,0
0,1,23,598,108706,0
0,1,25,592,21431,0
1,1,21,522,80469,0
1,1,22,515,82241,0
1,1,42,530,65294,0
1,0,39,704,106127,0
1,0,45,468,31351,0
0,1,56,628,52483,0
0,1,40,725,51195,0
0,1,21,495,42735,0
0,0,21,825,35203,0
1,1,64,376,23974,0
1,1,38,576,105222,0
0,1,54,765,59713,0
1,1,58,747,32636,0
1,0,19,619,55070,0
0,1,24,459,49123,0
0,1,33,791,51812,0
1,0,34,612,48760,0
1,1,37,460,24966,0
0,1,40,607,103962,0
0,0,51,445,99698,0
0,0,28,695,36058,0
1,0,51,388,61482,0
0,1,50,607,22998,0
0,1,43,845,81265,1
1,0,19,670,86445,0
1,0,40,750,54648,0
1,0,58,466,80623,0
1,1,39,691,98033,1
1,1,51,790,104480,1
0,0,32,449,27527,0
0,1,27,767,23072,0
1,0,32,342,32018,0
1,1,59,328,49652,0
1,1,46,330,24476,0
1,1,40,427,115768,0
1,1,34,593,47482,0
0,0,26,740,82513,0
0,1,53,687,106411,1
0,1,26,823,36219,0
0,0,33,846,50448,0
1,1,53,409,99903,0
0,0,50,627,45120,0
1,0,48,704,26855,0
1,1,23,544,76553,0
1,1,27,462,88633,0
0,0,33,698,64585,0
1,0,21,698,105425,1
0,0,39,792,21084,0
0,1,30,538,118856,0
1,0,33,764,41944,0
1,0,46,331,53921,0
1,0,23,422,81282,0
0,1,43,833,107393,1
1,0,28,409,71397,0
0,1,41,570,38070,0
1,1,46,679,74987,1
1,0,20,599,76690,0
0,1,27,548,110011,0
0,0,18,820,81134,0
0,1,60,333,107755,0
0,1,43,527,79439,0
0,0,29,698,51489,0
0,0,31,519,43178,0
1,0,42,670,99019,0
1,1,25,827,77956,1
0,1,60,374,67802,0
1,0,21,435,82778,0
0,0,45,373,77719,0
1,1,24,553,53573,0
1,1,27,317,53688,0
0,1,53,342,117065,0
0,0,19,349,119747,0
0,1,43,814,66475,1
1,0,31,602,70697,0
0,1,33,441,53978,0
1,1,60,501,49677,0
0,0,59,506,101540,0
1,0,34,714,30272,0
1,0,63,520,26212,0
0,1,39,661,41071,0
1,1,21,380,95236,0
1,1,36,584,115516,0
0,0,19,668,37297,0
1,1,56,791,71932,1
0,0,26,645,76884,0
0,0,36,503,48625,0
0,0,33,324,48831,0
0,1,42,368,76478,0
1,1,35,815,82909,1
1,0,40,791,49367,0
1,1,38,539,65813,0
0,0,28,660,40121,0
1,0,56,740,55547,0
1,1,58,330,83642,0
0,0,21,621,44914,0
0,0,42,643,37178,0
1,1,49,835,87258,1
0,0,47,654,99421,0
0,0,62,770,80563,0
0,0,43,404,70050,0
0,0,53,621,82607,0
1,0,51,826,85638,0
0,0,26,803,112971,0
0,0,29,384,33262,0
0,1,19,534,27453,0
0,1,55,562,65174,0
0,0,22,305,97760,0
0,0,22,793,26172,0
0,1,39,588,96788,0
0,1,22,649,37918,0
1,1,21,499,27197,0
0,1,26,634,117127,0
1,1,46,516,33677,0
0,0,39,652,31039,0
0,1,44,624,47785,0
0,1,27,527,24570,0
0,1,33,444,92242,0
1,0,59,607,31655,0
0,0,59,584,118738,0
0,0,27,691,67907,0
1,0,23,659,29449,0
1,0,22,464,44630,0
0,0,23,523,94658,0
1,1,64,423,66371,0
1,0,42,643,30991,0
1,0,21,823,44887,0
0,1,57,351,33859,0
0,0,49,428,43640,0
0,1,52,434,68339,0
1,1,27,426,111068,0
0,0,51,370,73235,0
1,1,53,572,22512,0
0,1,23,486,100982,0
0,1,60,302,41912,0
1,1,63,584,119567,0
0,0,33,321,55515,0
1,1,36,465,35416,0
1,0,51,609,92816,0
0,1,42,776,96510,1
1,1,48,797,63746,1
0,1,58,733,63775,0
0,0,34,533,32227,0
1,0,64,675,33031,0
0,0,47,545,53000,0
1,1,56,602,71253,1
0,1,48,704,87564,1
0,1,36,320,115969,0
0,1,52,556,38313,0
0,0,46,698,95186,0
0,1,18,828,111760,1
1,0,21,350,77751,0
1,1,45,746,72492,1
1,0,35,569,50364,0
1,0,43,561,38361,0
1,1,57,664,87949,1
1,1,36,348,51070,0
0,0,23,817,42409,0
0,1,18,417,49854,0
1,1,25,752,116742,1
1,0,50,696,49655,0
0,0,60,326,29952,0
0,0,38,671,56365,0
0,0,41,396,103298,0
1,1,42,828,86156,1
1,0,64,485,119233,0
1,0,60,514,76724,0
0,0,36,550,35455,0
0,1,46,515,107746,0
1,0,27,328,67673,0
1,1,29,401,20974,0
0,0,50,422,32679,0
0,0,24,353,81791,0
0,1,34,582,47429,0
0,0,27,416,38073,0
1,0,48,413,90207,0
0,1,23,842,50365,0
0,0,34,592,75928,0
0,0,54,494,94453,0
1,0,35,591,27784,0
1,0,43,560,118962,0
0,1,33,506,32291,0
0,0,25,348,104462,0
0,1,41,305,46154,0
1,0,30,678,45650,0
1,1,46,693,88741,1
1,0,49,523,115830,0
0,1,41,322,56201,0
1,0,33,409,59479,0
0,1,28,698,92920,1
0,1,49,471,102797,0
0,0,23,605,70243,0
1,1,52,450,88595,0
0,0,50,727,51734,0
1,0,35,766,108927,0
1,0,54,366,101451,0
0,0,30,455,119978,0
0,0,27,505,62568,0
1,1,54,454,45793,0
0,0,43,808,72204,0
1,0,63,373,66746,0
0,0,34,348,51989,0
1,0,18,766,69465,0
1,0,42,478,110841,0
1,0,51,347,81383,0
1,1,56,371,36767,0
0,1,27,412,58652,0
0,0,37,458,103732,0
1,1,24,329,104244,0
1,0,33,396,33383,0
0,0,54,550,90784,0
0,0,46,818,80089,0
0,0,29,391,46440,0
0,0,34,412,72443,0
0,1,37,558,76325,0
0,1,43,406,106766,0
1,1,36,689,115190,1
0,1,64,657,75919,0
0,0,29,498,36611,0
1,1,38,726,83483,1
0,0,59,777,42457,0
0,1,51,802,30256,0
0,1,24,419,74856,0
0,1,62,608,60533,0
0,1,52,837,119826,1
1,0,32,774,118995,1
0,1,18,643,48281,0
1,1,43,435,87275,0
1,0,52,576,21525,0
0,0,42,832,36453,0
1,1,59,330,26251,0
0,0,32,546,39507,0
1,0,39,710,99396,0
1,0,23,326,106644,0
0,1,32,372,47906,0
0,0,41,396,93185,0
0,1,38,645,119591,0
0,1,24,775,33193,0
0,1,46,599,116558,0
1,1,49,598,117192,0
1,0,49,586,101449,0
1,1,22,748,84042,1
1,0,21,511,79516,0
1,1,39,375,101165,0
1,0,35,700,50692,0
1,1,52,333,90490,0
0,0,34,797,53512,0
0,1,41,815,30719,0
1,1,19,627,75427,1
1,0,30,397,47649,0
0,1,32,665,32402,0
0,1,22,762,29216,0
0,1,20,327,51050,0
0,0,54,685,115808,0
1,1,54,572,70093,0
0,1,54,426,25050,0
1,0,20,501,66716,0
1,0,52,820,22438,0
1,0,40,586,67431,0
0,0,45,749,36760,0
0,0,47,387,97614,0
1,1,35,617,36473,0
1,1,53,318,63815,0
1,1,50,406,82460,0
0,0,43,757,29257,0
1,1,57,610,107986,1
0,0,34,711,45634,0
1,0,57,797,80403,1
1,1,24,543,66573,0
1,0,25,679,48648,0
0,0,48,814,112712,0
0,1,29,506,68980,0
1,0,48,693,30296,0
0,0,61,320,80197,0
1,1,36,826,41959,0
0,0,27,642,34570,0
0,0,56,501,55423,0
0,1,29,419,100263,0
1,1,37,688,37899,0
0,1,54,836,55785,0
0,1,58,533,82806,0
1,0,24,619,76963,0
1,0,31,479,97875,0
1,1,28,667,54341,1
1,0,24,375,25597,0
0,0,46,795,112648,0
0,1,27,821,30244,0
0,1,46,500,23796,0
0,0,26,645,95589,0
0,1,53,782,48528,0
1,1,27,518,38648,0
0,1,36,359,103967,0
0,0,48,849,20535,0
0,1,34,520,68469,0
1,0,26,801,84912,1
1,0,62,432,64493,0
0,0,50,352,92417,0
1,1,51,749,65785,1
1,1,62,361,105017,0
1,1,41,322,86561,0
1,1,26,343,50869,0
1,1,24,346,85094,0
1,0,33,323,50192,0
1,0,36,388,89157,0
0,0,56,473,116102,0
0,1,23,418,106483,0
1,0,28,477,99941,0
0,0,29,641,77544,0
0,1,59,358,24403,0
1,1,30,737,56091,1
0,0,29,727,72510,0
1,0,38,725,108061,1
1,1,27,680,25017,0
1,1,37,785,59203,1
0,1,53,484,76473,0
0,1,45,759,72123,1
0,0,41,401,68260,0
0,0,22,314,65938,0
1,1,54,350,77929,0
1,0,29,608,105265,0
0,0,52,333,113966,0
1,1,57,504,57372,0
1,0,19,369,73252,0
0,0,58,529,34628,0
1,0,62,779,32501,0
0,1,56,832,50131,0
1,1,59,407,109102,0
0,0,26,540,109360,0
1,1,39,550,88348,0
1,1,64,434,118348,0
0,1,22,389,112862,0
0,0,29,739,29402,0
0,0,18,597,111861,0
0,1,61,706,75956,1
1,0,39,607,71920,0
1,0,55,401,46000,0
0,0,36,660,109795,0
1,0,33,827,87462,0
0,0,48,592,86392,0
0,1,20,445,25988,0
1,0,40,703,94279,0
1,0,59,301,76999,0
0,0,35,418,89674,0
0,1,43,490,101618,0
0,1,30,302,73426,0
1,1,35,786,78824,1
1,0,20,476,118910,0
1,1,40,556,94399,0
1,1,20,833,80659,1
0,1,42,776,57790,0
0,1,44,697,115343,1
0,0,61,795,42118,0
0,1,44,519,72025,0
0,1,56,472,79938,0
0,0,42,689,25149,0
1,0,41,801,58079,0
1,1,25,559,22484,0
0,0,26,430,75474,0
0,1,63,412,110727,0
1,0,54,319,68601,0
1,0,47,514,63809,0
1,1,36,609,40791,0
1,0,33,550,89343,0
0,1,41,787,46648,0
0,0,61,681,51090,0
0,1,38,708,110636,1
0,0,53,570,116485,0
0,0,57,706,37857,0
1,0,56,493,82327,0
0,0,64,740,113386,0
1,0,23,612,62967,0
0,1,22,378,73709,0
0,0,31,479,87948,0
0,1,62,313,68861,0
0,1,59,545,88718,0
0,1,21,313,40948,0
1,0,25,398,53782,0
1,1,41,332,70756,0
1,0,28,735,102789,1
0,1,34,556,88388,0
0,1,38,333,104528,0
1,1,43,318,86809,0
0,1,60,559,27649,0
0,1,61,715,49002,0
1,0,62,436,54723,0
0,1,44,658,94314,0
1,1,33,415,110312,0
0,0,43,703,90085,0
1,0,50,501,101399,0
0,0,48,675,31809,0
0,1,64,549,78169,0
1,1,23,745,28302,0
0,1,61,577,28100,0
0,1,25,411,88447,0
1,1,24,772,97627,1
0,1,51,691,94635,1
1,0,61,442,75020,0
0,0,31,331,25663,0
0,1,33,480,115440,0
0,1,60,815,113827,1
0,1,26,568,64649,0
1,1,27,535,67136,0
0,1,34,576,56104,0
1,0,29,574,59137,0
0,0,23,385,22534,0
0,1,36,362,87762,0
0,0,60,703,72445,0
0,1,58,491,29585,0
1,1,46,592,112796,0
1,1,23,330,112947,0
1,0,42,629,118470,0
1,0,41,406,96438,0
0,1,42,575,56392,0
1,0,33,381,104267,0
1,0,33,363,103324,0
0,1,23,428,51126,0
0,0,54,555,62485,0
0,0,38,530,65798,0
0,1,21,796,88310,1
1,1,51,436,29017,0
1,0,45,754,45700,0
0,1,55,654,110680,0
0,0,58,784,115446,0
0,1,45,445,56507,0
1,1,34,332,67679,0
1,1,31,559,112221,0
0,1,24,386,109938,0
0,0,39,564,57232,0
1,1,18,841,115599,1
0,1,46,691,109661,1
0,1,48,531,44020,0
1,0,47,746,117239,0
0,0,32,428,77172,0
1,1,35,570,117305,0
0,1,52,388,33746,0
0,1,47,765,83537,1
1,1,51,469,24094,0
1,1,59,427,88466,0
0,1,28,473,119067,0
1,0,44,325,50755,0
0,1,41,810,115641,1
0,1,52,787,31552,0
1,1,56,705,79491,1
0,1,25,325,39779,0
0,1,35,382,49000,0
1,1,30,663,105639,1
1,0,62,666,73953,0
0,0,41,359,77564,0
1,0,40,591,34102,0
1,0,29,490,21861,0
1,0,47,760,63574,1
1,0,48,532,52682,0
0,1,45,773,98819,1
0,1,39,704,111133,1
0,1,61,570,97972,0
1,1,45,433,113960,0
1,1,30,470,85185,0
1,1,42,714,94426,1
1,0,61,327,68120,0
1,1,63,435,58297,0
1,0,24,704,28299,0
1,0,62,804,61348,0
0,1,23,540,61384,0
0,1,41,743,96693,1
1,1,36,733,115299,1
1,1,36,527,52687,0
1,1,53,808,84577,1
0,1,26,602,80047,0
0,1,53,333,30191,0
1,0,55,301,76884,0
1,1,57,661,74911,1
0,1,46,494,97303,0
0,0,41,607,103447,0
0,1,22,549,114165,0
0,1,59,446,112480,0
1,0,62,645,63726,0
0,1,43,647,54623,0
0,1,31,553,103517,0
1,1,56,698,70000,1
0,1,46,633,91494,0
0,1,23,475,100241,0
0,1,24,424,116172,0
1,0,54,697,83027,1
0,1,35,430,78995,0
1,1,40,706,62876,1
1,0,61,633,71070,0
